Description,Details,Classification
Replace System.arraycopy with Arrays.copyOfRange,"The `System.arraycopy` method does not check if the source and destination arrays are of the same type. This can lead to ArrayStoreException at runtime if the types do not match. Replacing it with `Arrays.copyOfRange` ensures type checking at compile time, preventing such exceptions.",Use <method-1> method instead of <method-2>.
Use enhanced for loop,"The for loop can be simplified using an enhanced for loop, which is more readable and less prone to off-by-one errors.",Use enhanced for loop.
Reduce code complexity,"The method is long and complex, and it is difficult to test and maintain. It's recommended to break down the method into smaller, more manageable methods. This will improve readability, testability, and maintainability of the code.",Extract code blocks into separate method.
Avoid using magic numbers,"Numbers such as 1000 and 10 in the code are known as 'magic numbers', which are not clear. It's better to use named constants instead.",Replace Magic values with constants.
Extract repeated method calls into a variable,The method call `getPage().getWebClient()` is used repeatedly in the method. It is advisable to extract this method call into a variable at the beginning of the method and use the variable throughout the method. This will make the code cleaner and possibly more efficient.,Extract code blocks into separate method.
Use early return for null or invalid cases,"Instead of nesting conditional blocks, use an early return for the null or invalid cases. This makes the code cleaner and easier to read.",Other.
Handle InterruptedException properly,"When a thread is interrupted in Java, it's usually because some other thread wants it to stop what it's doing and do something else. It's a common pattern to catch InterruptedException and then immediately return or break from the loop. This is a better approach than simply swallowing the exception.",Improve Exception handling.
Use Constants for String Literals,"There are several string literals that are repeated multiple times throughout the method (e.g., 'array', 'true', 'false'). These should be replaced with constant variables to prevent typos and make it easier to change the value in the future.",Replace Magic values with constants.
Remove unnecessary boxing and unboxing,"There are some unnecessary boxing and unboxing operations (e.g., Boolean.TRUE). These can be replaced with primitive values for better performance.",Use <method-1> method instead of <method-2>.
Use try with resources to ensure proper resource management,"Currently, the `response` is closed within the catch block. It's better to use the try-with-resources statement for better resource management and to avoid memory leaks.",Use try-with-resources.
Replace if-else branches with switch,A switch statement will improve the readability and efficiency of the code. It's recommended for cases where you have multiple if-else conditions like here.,Use switch statement.
Use of Java 8 stream API,"Instead of using the traditional for-each loop to convert array elements into Mono and add them to the list, we can use Java 8 stream API to achieve the same in a more readable and efficient way.",Use Java streams.
Extract duplicated code into methods,"There are several duplicated code blocks in the method such as the for loops for trials. These blocks can be extracted into their own respective methods, reducing code duplication.",Extract code blocks into separate method.
Replace System.out.println with Logger,"Using System.out.println for logging is not a good practice, it's better to replace it with a logger for better log management.",Use <method-1> method instead of <method-2>.
Use constants for property keys,"Instead of using strings directly to get properties, define them as constants at the top of your class. This will reduce the chance of making a typo, make the code easier to read and maintain, and allow the keys to be reused if necessary.",Replace Magic values with constants.
Use switch case instead of multiple if else statements,"The current code is using multiple if-else statements to check the end of the path which can be replaced by switch statements to make it more readable and efficient. Also, the use of toLowerCase and Locale.ROOT can be replaced with Locale.ENGLISH for better internationalization.",Use switch statement.
Use StringBuilder instead of String concatenation,"In Java, it is usually more efficient to use a StringBuilder when concatenating strings in a loop or other repeated operation. StringBuilder is faster because it simply creates a mutable sequence of characters, whereas String concatenation has to create a new String object each time, which can slow down your program and use more memory.",Use StringBuilder instead of <>.
Use a time measurement method that provides better readability,"Instead of manually calculating the runtime by calling `System.currentTimeMillis()` before and after the method to be measured, you can use the `System.nanoTime()` method which provides a more precise measurement of the elapsed time.",Use <method-1> method instead of <method-2>.
Use lambda instead of anonymous class,"In modern Java, you can use lambda expressions to create instances of functional interfaces. This makes the code more readable and concise.",Use Lambda expressions.
Use constants for special characters,"Instead of using hardcoded strings for special characters like '?' and '&', extract them into constant variables. This makes the code more maintainable and improves readability.",Replace Magic values with constants.
Extract constant for package name,"Instead of getting the package name from the configuration each time, it would be better to extract it as a constant. This will avoid the overhead of fetching it from the config each time.",Replace Magic values with constants.
Avoid using magic numbers,The number 0 is used as a magic number in this method. Using magic numbers can decrease code readability and maintainability. It's better to replace them with named constants.,Replace Magic values with constants.
Use Optional to avoid NullPointerException,"Instead of manually checking if the getDynamicAttributes and getInitialAttributes methods return null, we can use Java 8's Optional class. This will make our code more readable and safe against NullPointerException.",Use <method> instead of null check.
Use switch statement instead of multiple if statements,"Instead of using multiple if statements to check the dimension type and apply annotations, a switch statement can be used. This would make the code more readable and maintainable.",Use switch statement.
Remove manual closing of resources,"With the use of try-with-resources, manual closing of resources is unnecessary and should be removed to avoid redundancy.",Use try-with-resources.
Avoid repetitive toString() call,"The `response.getBody()` is already of `String` type. So, calling `toString()` is not necessary. It can be directly assigned to `cachedResponse`.",Use <method-1> method instead of <method-2>.
Remove redundant else statements,The else statements following an if block that contains a return statement are unnecessary and can be removed to make the code cleaner and easier to read.,Remove Statements.
Use try-with-resources to handle WritableMemory,"The WritableMemory instances created are not closed after use, which can lead to resource leaks. Enclose them in a try-with-resources statement to ensure they are closed after use.",Use try-with-resources.
Extract duplicate code to a method,"There are several occurrences where a RuntimeBeanReference is created, added to the argumentResolvers list and the returnValueHandlers list. This can be extracted to a separate method to avoid duplication.",Extract code blocks into separate method.
Use meaningful variable names,The variable `fn` doesn't explain what it does or what it represents. It's better to use a more descriptive name.,Improve variable name(s).
Use Optional to avoid NullPointerException,"Instead of directly getting the first element of 'mergedPlans', use Optional's 'findFirst' to avoid NullPointerException when the list is empty.",Use <method> instead of null check.
Use StringBuilder for concatenating strings,"It is more efficient to use a StringBuilder for concatenating strings in a loop. The reason is that String is immutable in Java, and each concatenation creates a new String object, which is less efficient.",Use StringBuilder instead of <>.
Replace the if-else chain with a switch statement,"The SketchType is being compared using an if-else chain. However, a switch statement would be more readable and efficient in this case.",Use switch statement.
Use try-with-resources for automatic resource management,"If CleanupCallback implements AutoCloseable or Closeable, you can use try-with-resources to ensure that resources are closed automatically, minimizing the chance of resource leaks. This would also remove the need for the explicit cleanup callback.",Use try-with-resources.
Use constants for HTTP headers,"The 'Access-Control-Allow-Origin', 'Access-Control-Allow-Methods', 'Access-Control-Allow-Headers' strings are used repetitively and can be replaced with constants. This can prevent potential bugs due to typing errors.",Replace Magic values with constants.
Avoid using absolute file paths,The code uses an absolute file path which makes it not portable. It's better to use relative paths or retrieve the path from a configuration file or environment variable.,Other.
Use lambda function for checking event existence,"Instead of using a nested for loop to check if an event is already displayed, use a lambda function with the stream API for better readability and performance.",Use Lambda expressions.
Reduce cyclomatic complexity,"The method has a high cyclomatic complexity due to the numerous conditional statements and loops. Refactor the method to reduce the cyclomatic complexity, making it easier to test and understand.",Other.
Extract repeated code to a separate method,The method `annotationType()` is repeated three times in the code with the same implementation. This can be extracted to a separate method to reduce redundancy and improve readability.,Extract code blocks into separate method.
Replace if statements with switch case,"Rather than using multiple if-else statements to check for each attribute, it would be more efficient to use a switch case. This would improve readability and performance in cases where there are many attributes.",Use switch statement.
Reduce nesting,"The amount of nested conditions and loops can make the method hard to read and maintain. This can be improved by breaking up the method into smaller, more manageable methods.",Extract code blocks into separate method.
Refactor repetitive code into separate methods,There is a lot of repetitive code for checking if a lobby exists and throwing an error if it doesn't. This can be refactored into a separate method for more concise and readable code.,Extract code blocks into separate method.
Use StringJoiner instead of StringBuilder,The StringBuilder class is not the best choice when it comes to concatenate strings with a delimiter. The StringJoiner class is designed exactly for this purpose. It is more readable and efficient because it reduces the number of append calls.,Use <method-1> method instead of <method-2>.
Use enhanced for loop instead of traditional for loop,"Instead of using a traditional for loop to iterate over `values`, use an enhanced for loop. This makes the code cleaner and easier to read.",Use enhanced for loop.
Avoid calling method multiple times,"Instead of calling `oAuth2UserRequest.getClientRegistration().getRegistrationId()` and `user.getProvider()` multiple times, store the result in a variable and reuse it in the code. It makes code cleaner and potentially more efficient.",Improve variable name(s).
Use Specific Exceptions,"Instead of throwing a general RuntimeException, throw a more specific exception, such as an IllegalStateException. This gives more information about the type of error.",Improve Exception handling.
Use descriptive variable names,"Change the variable name 'wmem' to 'writeMemory', 'promote' to 'shouldPromote' to enhance readability. Descriptive variable names make the code more understandable.",Improve variable name(s).
Remove unnecessary null check,"There is an unnecessary null check on 'session' after it has been assigned to 'transferInSession', which has already been checked for null previously. This check should be removed to clean up the code.",Remove Statements.
Reduce code duplication,The code blocks for creating and firing a KeyboardEvent are duplicated several times in the method. This could be refactored into a separate method to reduce code duplication.,Extract code blocks into separate method.
Extract error messages into constants,String literals for error messages are used multiple times in the code. Extract these literals into constant variables to avoid potential typing errors and improve maintainability.,Replace Magic values with constants.
Avoid code duplication,The lines of code to create a `CompactSketch` object and to call the `checkByRange` method are duplicated. This process can be extracted into a separate method that takes a `Memory` object as a parameter. This will make the code cleaner and easier to maintain.,Extract code blocks into separate method.
Use switch statement for better readability,"Instead of using a chain of if-else statements, a switch statement can be used to make the code more readable and easier to manage. The switch can be applied on the first word of the input command.",Use switch statement.
Avoid repeated string concatenation using '+' operator in loops.,Repeated use of '+' operator for string concatenation in loops can lead to performance issues as it creates a new string object in each iteration. Use StringBuilder instead for efficient performance.,Use StringBuilder instead of <>.
Use remove(Object o) method,"Instead of using an iterator to find and remove the appender from the list, you can directly use the remove(Object o) method provided by the List interface.",Use <method-1> method instead of <method-2>.
Avoid empty catch blocks,Empty catch blocks can lead to unnoticed exceptions and bugs. It's better to at least log the exception so that you can be aware of any issues that arise.,Improve Exception handling.
Use Optional instead of null check,"Instead of checking if a value is null, use Optional. This will avoid potential NullPointerExceptions and make the code more readable.",Use <method> instead of null check.
Avoid magic strings or numbers,"There are various magic strings and numbers used in the code like 'array', 'map', 'file', etc. These should be replaced with constants for better readability and maintainability.",Replace Magic values with constants.
Reduce Cyclomatic Complexity,"The getCachedWidth method is highly complex due to the nested conditional statements. This complexity can be reduced by splitting the method into smaller, more manageable methods, each handling a specific condition.",Extract code blocks into separate method.
Add method parameters instead of directly accessing instance variables,"Methods that directly access instance variables can lead to problems with encapsulation. By passing in the necessary parameters, the method becomes more flexible and testable.",Add Statements.
Extract repeated code to a separate method,The code for checking the path and operations is repeated multiple times. It is better to extract it to a separate method and call it with different parameters to improve readability and maintainability.,Extract code blocks into separate method.
Avoid unnecessary condition check,"The condition `isAppenderPresent` is unnecessary as it is always true when the control reaches that line. This is because we are checking for `newAppender` in the `appenderList` and then immediately adding `newAppender` to the `appenderList` if it is not present, making `isAppenderPresent` always true.",Remove Statements.
Use constants for repeated string literals,There are several string literals that are used multiple times throughout the method. These could be extracted to constants to avoid repetition and potential errors.,Replace Magic values with constants.
Use method references in stream operations,Method references can make the code more readable when calling a single method directly in a lambda expression.,Use Lambda expressions.
Use `equals` method instead of `==` for object comparison,"Using `==` checks if two references point to the exact same object, while `equals` checks if the contents of the objects are the same. In this case, we should use `equals` to check if the `appender` object and the `a` object are equal.",Use <method-1> method instead of <method-2>.
Refactor lengthy ternary operation into if-else statement,The ternary operation is too lengthy and makes the code hard to read. It's better to refactor it into an if-else statement for better readability.,Other.
Combine catch clauses for exceptions that are handled in the same way,"Instead of having a separate catch clause for each exception type that is handled in the same manner, you can combine them into one catch clause. This will make the code cleaner and easier to read.",Improve Exception handling.
Remove redundant code,The value is already split and joined with a whitespace character on line 16. The same operation is redundantly performed again from lines 23 to 26. This code can be removed.,Remove Statements.
Use a method to initialize SocketOptions,"The creation and configuration of the SocketOptions object is a separate concern from the creation of the Builder. To make the code cleaner, this could be moved to its own method.",Extract code blocks into separate method.
Use lambda expression for Runnable,Java 8 introduced lambda expressions to provide a clear and concise way to represent one method interface using an expression.,Use Lambda expressions.
Split the lengthy method into smaller ones,"The method is too long, making it hard to read and maintain. It would be best to split it into smaller methods, each with its specific task. For example, you could create separate methods for creating ColumnMeta, MetricFormula, and ReadPermission annotations.",Extract code blocks into separate method.
Use EnumMap instead of switch-case statement,"Using an EnumMap instead of a switch-case statement can make the code more readable and maintainable. EnumMap is a specialized Map implementation for use with enum type keys. All of the keys in an enum map must come from a single enum type that is specified, explicitly or implicitly, when the map is created. Enum maps are represented internally as arrays, this representation is extremely compact and efficient.",Use <method-1> method instead of <method-2>.
Use lambda expressions,Use lambda expressions for better readability and less verbose code.,Use Lambda expressions.
Improve null check in hasNext() method,"In the hasNext() method, instead of checking if 'current' is null twice, we can simplify it by checking it once at the start.",Use <method> instead of null check.
Use try-with-resources to ensure proper resource management,"Instead of using traditional try-catch blocks, use a try-with-resources statement. This ensures that each resource is closed at the end of the statement and makes the code cleaner.",Use try-with-resources.
Avoid unnecessary object creation in loop,The creation of new BindingFault and BindingOperation objects can be included in the populateBindingFault and populateBindingOperation methods respectively to avoid unnecessary object creation in the loop.,Extract code blocks into separate method.
Use String Builder for String Concatenation,String concatenation in Java is expensive in terms of memory and performance. It is better to use a StringBuilder when concatenating strings in a loop.,Use StringBuilder instead of <>.
Improve SocketOptions creation by using a separate method,The creation of the SocketOptions object is a bit lengthy. It would be more readable and maintainable if you extract this code into a separate method.,Extract code blocks into separate method.
Split method into smaller methods,"The method is too lengthy and complex, reducing readability and maintainability. It should be broken down into smaller, more manageable methods, each performing a single functionality.",Extract code blocks into separate method.
Use try-with-resources for automatic resource management,"The try-with-resources structure is a try statement that declares one or more resources. A resource is an object that must be closed after the program is finished with it. This would make your code cleaner and more robust, as it would ensure that each resource is closed at the end of the statement, reducing the risk of resource leaks.",Use try-with-resources.
Use descriptive method names,The method name 'testWithFileDeletion' is too general and does not give a clear understanding of what the test is about. Instead using a more descriptive method name like 'testFileDeletionInS3Bucket' would make the purpose of the test clear.,Improve variable name(s).
Use logger instead of System.out.println,"Using a logger instead of System.out.println gives more flexibility (different log levels, different outputs, filters, etc) and is generally considered a better practice.",Use <method-1> method instead of <method-2>.
Remove redundant code,"The check for `bodyParams == null` is redundant and can be removed. If `bodyParams` is `null`, the forEach loops will not be executed anyway.",Remove Statements.
Extract duplicate code into methods,There is a lot of code repetition in the method. This makes the code less readable and more prone to errors. Extracting the repeated code into separate methods can make the code cleaner and easier to understand.,Extract code blocks into separate method.
Avoid Repeated Code,The code for processing headers is repeated. This code block can be moved to a separate method to avoid duplication.,Extract code blocks into separate method.
Avoid empty catch blocks,"Empty catch blocks should be avoided as they make debugging difficult. At a minimum, the caught exception should be logged.",Improve Exception handling.
Use parameterized tests,The assertions for the routes are very similar. This can be refactored into a parameterized test to reduce redundancy and improve code readability.,Other.
Use constant for version checking,"Instead of using a hardcoded value for session version, it's better to use a constant. It makes the code easier to maintain, especially when the version number changes in the future.",Replace Magic values with constants.
Extract repeated code to a method,The code for changing the status and checking if it is not already canceled is repeated multiple times. This can be extracted into a separate method to reduce duplication.,Extract code blocks into separate method.
Separate node initialization and linking logic,"The code inside the iteration is chunky, and the logic for initialization of a new node and linking it to the existing nodes is mixed. Separating these two concerns can improve readability and maintainability.",Extract code blocks into separate method.
Extract repeated EntityDictionary builder call to a method,The creation of `EntityDictionary` is repeated twice in the method. This could be extracted to a separate method for better reusability and code readability.,Extract code blocks into separate method.
Add a null check for the 'key' parameter,"The method does not check if the input key is null. If a null key is passed, the method will throw a NullPointerException when trying to access `key.name`. To prevent this, the method should return an appropriate error message when the input key is null.",Add Statements.
Remove unnecessary continue statements,The continue statements are unnecessary and can be replaced with an if statement that checks the opposite condition. This makes the code cleaner and easier to read.,Remove Statements.
Remove unnecessary assertions,"There are multiple assert statements in the code which are not necessary and can be removed. Assert statements should be used for conditions that should never happen while the program is running, and not for checking logic or validating data from external sources.",Remove Statements.
Remove redundant calls to getWebWindows() and getTopLevelWindows() methods,"In the current code, we're calling getWebWindows() and getTopLevelWindows() multiple times, which is unnecessary and may result in performance issues if these methods are resource intensive. We can simply call these methods once and store the result in a variable, then use this variable for subsequent operations.",Remove Statements.
Extract constant,"The authorization error message 'Should not be authorized' is repeated multiple times in the code. It can be extracted as a constant to avoid repetition, improve readability, and ease future modifications.",Replace Magic values with constants.
Extract method refactoring for better readability,"The method buildServiceMethod is doing too many things. For better readability and maintainability, extract the code block creating 'RpcJavaMethod' for each Java method into a separate method. This is a good practice and makes the code easier to read and understand.",Extract code blocks into separate method.
Extract duplicate code to a method,The creation of SecurityContextUser objects is repeated twice with different parameters. This could be extracted to a method to reduce redundancy and improve readability.,Extract code blocks into separate method.
Use enhanced for loop instead of traditional for loop,"Instead of using a traditional for loop to iterate over collections, use an enhanced for loop. It is simpler and more readable.",Use enhanced for loop.
Use streams for merging annotations,"Java 8 introduced streams that can be used for operations on collections, like filtering and mapping. The merging of annotations can be simplified by using streams. This can make the code more readable and concise.",Use Java streams.
Extract repeated code into separate methods,"The code for handling header annotations appears repeatedly. This code can be extracted into a separate method for improved readability, reusability, and maintenance.",Extract code blocks into separate method.
Avoid using `this` keyword when not necessary,The `this` keyword is not necessary when there's no scope confusion. Removing it can make the code cleaner.,Other.
Assign new Callback array to variable,"Rather than creating a new Callback array inline in the handle method, assign it to a variable first. This can improve readability and make debugging easier as you can inspect the array before it's passed to the handle method.",Add Statements.
Use parameterized tests,There are several cases where you are testing the same logic with different parameters. You can simplify your code and make it more maintainable by using parameterized tests. This will allow you to define a single test method and run it multiple times with different parameters.,Other.
Extract repeated code into a method,Two blocks of code that create a DataFetcherFactory and add it to the factories map are repeated for both executors and reactiveExecutors. This code can be extracted into a separate method.,Extract code blocks into separate method.
Consolidate Duplicate Code,The `assertEquals` assertions for the `result` object are duplicated. We can extract these into a separate method to improve code readability and reduce duplication.,Extract code blocks into separate method.
Refactor redundant code into separate methods,The handling of each operation type contains duplicate code for creating and binding input and output. This code can be refactored into separate methods for better readability and maintainability.,Extract code blocks into separate method.
Refactor exception handling,"Instead of throwing exceptions inside the loops, collect all the errors and throw them at the end of the method. This will allow all of the errors to be caught at once instead of stopping at the first one.",Improve Exception handling.
Avoid catching generic Exception,"Instead of catching a generic Exception, catch specific exceptions that might be thrown in the try block. This provides more informative error messages and can aid in debugging.",Improve Exception handling.
Reduce multiple calls to getPage(),The method getPage() is called repeatedly which can be improved by storing the result of `getPage()` in a variable at the beginning and then reusing that variable.,Improve variable name(s).
Extract duplicate code to separate method,The code to check the tags of the objects in the bucket is duplicated. This can be extracted to a separate method to avoid code duplication.,Extract code blocks into separate method.
Avoid nested for loop,We can avoid the nested for loop by filtering the list of annotations for the ones we are interested in. This will simplify the code and improve readability.,Use Java streams.
Remove unnecessary final keyword,"The 'final' keyword is unnecessary in the context of local variables in a method when the variableâ€™s value is not used in an inner class. The Java compiler and JVM will automatically take care of optimizations related to these types of variables, so it's unnecessary and can be removed to reduce clutter.",Remove Statements.
Use Optional instead of returning null,"Returning null can cause NullPointerException in the calling code. Using java.util.Optional class can help in avoiding such issues. The Optional class in Java provides a better way to handle null, thus avoiding NullPointerExceptions.",Use <method> instead of null check.
Refactor code to reduce length and complexity,"The method is too long and complicated. It's better to refactor it into several smaller methods with specific functionality, which will make it easier to understand, maintain, and test.",Extract code blocks into separate method.
Eliminate redundant `else`,"The `else` statement on line 37 is not necessary. If the code reaches this point, it means none of the previous conditions have been met, so we can simply write the code block without the `else` keyword.",Remove Statements.
Extract magic numbers into constants,"There are magic numbers in the code. These are numbers with unexplained meaning, which can be hard to understand and maintain. It is better practice to declare these numbers as constants and give them a name to understand their purpose.",Replace Magic values with constants.
Simplify null checks with StringUtils,Use StringUtils from Apache Commons Lang to simplify null and whitespace checks. This reduces the chance of null pointer exceptions.,Use <method> instead of null check.
Avoid using magic strings,"There are numerous magic strings (strings with an unclear purpose) used in the code, such as '[]', 'file', and 'text'. These should be replaced with named constants to make the code more readable.",Replace Magic values with constants.
Simplify conditional statements,The conditional statements checking the local name of the child elements can be simplified by using a switch-case statement instead of multiple if-else-if statements. This makes the code cleaner and easier to read.,Use switch statement.
Extract repeated code into methods,The code for handling digital and analog actions is very similar. You can avoid repetition by extracting these into separate methods.,Extract code blocks into separate method.
Remove unnecessary check for whether the appender is already present,"The check for whether the newAppender is already in the appenderList is unnecessary, as the same check is performed inside the if branch. Removing this check will simplify the code and improve its readability.",Remove Statements.
Simplify the if-else condition,"You can simplify the if-else condition by removing the else statement. If 'env' is not null, the function will return 'env' and exit. If 'env' is null, the function will continue to the next condition.",Other.
Use Set instead of List for uniqueness checking,"For sessionTypes, sessionNames, and subProfilerIds, using a Set would be more efficient than a List for checking the uniqueness of the elements as the contains method of a Set has a time complexity of O(1) compared to O(n) for a List.",Use <method-1> method instead of <method-2>.
Use the enhanced for loop instead of Iterator,"Instead of using Iterator to loop over prefixes, we can use enhanced for loop. This makes the code cleaner and easier to read.",Use enhanced for loop.
Use a constructor to initialize Apis object,"Instead of assigning methodApi a new Apis object inside the loop, assign it at the time of declaration to avoid null pointer exceptions.",Use <method> instead of null check.
Use Map.computeIfAbsent() to replace conditional put in map,"Instead of checking if a key exists in the map, and if not, adding it, use the computeIfAbsent() method which performs this operation atomically and is more readable.",Use <method-1> method instead of <method-2>.
Handle UnsupportedCallbackException,Currently the method catches UnsupportedCallbackException but does nothing with it. This could lead to silent failures that are hard to debug. It is better to at least log the exception.,Improve Exception handling.
Add method documentation,"Adding method documentation to explain what this method does, it's parameters, and its return value (if any), is a best practice. This makes the code easier to understand for other developers.",Add comments.
Remove repetitive code,"The method `ReflectionUtils.getAnnotation(handler, Enveloped.class)` is called twice which is repetitive and can be avoided by storing the result in a variable and reusing it.",Extract code blocks into separate method.
Use try-with-resources for automatic resource management,"The method currently manually closes JDBC resources in the finally block. This can be improved by using Java 7's try-with-resources feature, which automatically closes resources after the program is finished with them. This makes the code cleaner and eliminates the risk of a resource leak.",Use try-with-resources.
Add exception handling description,Catch blocks without any actions are not recommended. It's better to at least log the error message to understand the nature of the exception.,Improve Exception handling.
Refactor repeated code into a method,"The three blocks of code that build the client, execute the document, and assert the headers are almost identical. This repeated code can be refactored into a separate method to improve readability and maintainability.",Extract code blocks into separate method.
Use isEmpty() method instead of ArrayUtils.isEmpty(),"In Java, you can use the .length property to check if an array is empty. This is more standard and does not rely on external libraries like ArrayUtils.",Use <method-1> method instead of <method-2>.
Refactor repetitive code,The logic to replace all whitespace characters with a single space character is repeated twice. This can be refactored.,Extract code blocks into separate method.
Replace RuntimeException with specific exceptions,"It's generally a bad practice to throw RuntimeException. It would be better to throw more specific exceptions that can give more information about what went wrong. For example, IllegalArgumentException can be thrown if the input is not valid, etc.",Improve Exception handling.
Add parameter validation,"It's a good practice to check the parameters of the method to ensure they are not null, to avoid NullPointerException further down the line. Since 'entityProjection' is used without a null check, it might lead to a NullPointerException if it's not initialized.",Use <method> instead of null check.
Replace if-else-if structure with switch-case for handling annotation types,"Switch-case statement provides better readability and performance when handling multiple conditions based on a single variable. In this case, the types of annotations.",Use switch statement.
Avoid using continue with a label,Using a 'continue' with a label (continue out;) is generally considered bad practice as it can make the control flow of the program harder to understand. It would be better to refactor the code to avoid using this construct.,Other.
Use try-with-resources instead of multiple try-catch blocks,"Instead of using multiple try-catch blocks, use try-with-resources which ensures that each resource is closed at the end of the statement. This can make the code cleaner and avoid potential resource leaks.",Use try-with-resources.
Avoid Synchronization on Non-Final Field,Synchronizing on non-final field can lead to bugs if the field is ever updated. You should either make the field final or use a dedicated final object for synchronization.,Other.
Refactor to use Optional,"Instead of using null checks to determine whether to call certain methods on the builder, use Optional's ifPresent method to achieve the same thing in a cleaner, more readable way. This reduces the risk of NullPointerExceptions. The checks and the method calls for username, password, reconnectionPolicy, retryPolicy, sslOptions, receiveBufferSize, sendBufferSize, soLinger, keepAlive, reuseAddress, tcpNoDelay can all be replaced with this approach.",Use <method> instead of null check.
Use Optional instead of null,"Instead of assigning null to 'whereFilter' and 'havingFilter', it is safer to use Optional as it can help prevent NullPointerExceptions. This way, you can check whether the value is present or not before using it.",Use <method> instead of null check.
Separate test logic from setup and tear down,Separate the test logic from setup and tear down. This will make the tests easier to read and maintain.,Other.
Extract repeated code into a method,The code that checks the tag status of the files is repeatedly used. This can be extracted into a separate method to avoid code duplication and increase readability.,Extract code blocks into separate method.
Handle specific exceptions,"Instead of catching 'Exception', catch the specific exceptions that may be thrown. In this case, catch NumberFormatException. This makes the error handling more specific to the actual errors that might occur.",Improve Exception handling.
Reduce code repetition,Code for checking path validity and throwing RSQLParseException is repeated multiple times for different operators. This can be extracted into a separate method.,Extract code blocks into separate method.
Add method documentation,"The method lacks documentation, which makes it difficult for other programmers to understand its purpose. Add a JavaDoc comment at the beginning of the method to explain what the method does, its parameters, and its return value.",Add comments.
Use String.format() for string concatenation,Using `String.format()` is a more readable and efficient way of concatenating strings than using the `+` operator.,Use <method-1> method instead of <method-2>.
Avoid catching Throwable,Catching Throwable is generally a bad practice as it includes Errors which are not meant to be caught. It's better to catch specific exceptions instead.,Improve Exception handling.
Use try-with-resources to manage resources,You should use the try-with-resources statement for automatic resource management. This would automatically close the resources after being used.,Use try-with-resources.
Use the ternary operator for setting the URL,"Instead of using the ternary operator in the argument of the setUrl() method, it would be better to use it to decide the value to be passed, improving readability.",Improve code formatting.
Extract method for calculating mid_x and mid_y,The calculation of mid_x and mid_y can be moved to a separate method. This improves code readability and allows for potential reusability of the method.,Extract code blocks into separate method.
Replace printStackTrace with Logger,"printStackTrace() prints to System.err, it's not usually a good idea to print to standard streams in a server environment. Instead, use a logger.",Improve Exception handling.
Remove unnecessary cast,The casting to Appender is unnecessary because the list is already of type Appender. Removing it improves readability.,Other.
Refactor repetitive code into separate method,The three calls to 'stats.incQueryRequestCount()' are repetitive and can be refactored into a separate method. This makes the code more readable and maintainable.,Extract code blocks into separate method.
Use a helper function to extract filename,"By using a helper function to extract the filename from the path, the code can be more organized and reusable. This helper function can be used in switch case to compare filenames instead of entire paths.",Extract code blocks into separate method.
Reduce StringBuilder appends,"String concatenation with append method of StringBuilder can be optimized. Instead of calling append multiple times in a row, you can concatenate the strings with + operator and then append them to the StringBuilder.",Use StringBuilder instead of <>.
Extract constants,There are many magic numbers and strings in the code. These should be extracted into named constants to improve readability and maintainability.,Replace Magic values with constants.
Remove redundant else condition,The last else condition is redundant. The code inside it can be placed outside the condition. This will simplify the code and make it easier to understand.,Remove Statements.
Use StringBuilder instead of StringBuffer,"StringBuilder is faster when the buffer is not shared among multiple threads, because it does not synchronize every operation like StringBuffer does.",Use StringBuilder instead of <>.
Use a guard clause instead of nested ifs,"Instead of using nested if statements, you can use a guard clause to make the code easier to read by returning early if the container is not supported.",Other.
Replace magic strings with constants,"The method contains many magic strings (i.e., string literals with unexplained meaning). Replacing these with named constants would make the code more readable and maintainable.",Replace Magic values with constants.
Use appropriate HTTP status codes,The code uses HTTP 200 OK status for all types of exceptions which is not appropriate. It should use appropriate HTTP status codes based on the type of the exception.,Improve Exception handling.
Avoid null checks,"Null checks can lead to Null Pointer Exceptions. Instead, use Optional to avoid null checks.",Use <method> instead of null check.
Remove redundant System.currentTimeMillis() call,The call to System.currentTimeMillis() does not affect the program and should be removed.,Remove Statements.
Use Optional instead of null,The use of null can lead to NullPointerExceptions. Use Optional to represent the absence of a value.,Use <method> instead of null check.*
Extract duplicate code into a method,There are multiple occurrences of the same block of code that checks if the path is a collection type and throws an exception if it is. This duplicate code can be extracted into a separate method to adhere to the DRY (Don't Repeat Yourself) principle.,Extract code blocks into separate method.
Reduce Redundant Code,The code has redundant try-catch blocks where the same operations are performed sequentially. This can be improved by creating a helper method to encapsulate the try-catch block and the operation being performed. This would make the code more readable and maintainable.,Extract code blocks into separate method.
Move ApiConfig configuration to a separate method,The initialization and configuration of the ApiConfig object inside the test method makes it long and hard to read. This could be moved to a separate method to improve readability and reusability.,Extract code blocks into separate method.
Remove unnecessary null check,"When you split a string, it will never return a null element, so checking for null in the for-each loop is unnecessary.",Use <method> instead of null check.
Use switch-case instead of multiple if-else,"Instead of using multiple if-else statements to check the style of operation, use a switch-case. This would make the code more readable and also slightly faster.",Use switch statement.
Combine the two if conditions regarding container,The two if conditions checking whether container is an instance of Connection and whether container's class name ends with 'Connection' can be combined into a single if condition using an OR operator.,Other.
Extract common anonymous class creation to a method,"The anonymous class creation of DataFetcherFactory is duplicated for both executors and reactiveExecutors. You can extract this to a method and reuse it, reducing code duplication.",Extract code blocks into separate method.
Replace concatenation with StringBuilder in loop,"When doing concatenation inside a loop, it would be more efficient to use StringBuilder. String concatenation with '+' in a loop causes performance issues because each concatenation generates a new String object.",Use StringBuilder instead of <>.
Use Logger instead of System.out.println,"Instead of using System.out.println to output error messages, use a Logger. This makes it easier to manage and control the output of the program.",Use <method-1> method instead of <method-2>.
Avoid assigning a value more than once to a field,It is not good practice to assign a value more than once to a field. It can make the code hard to read and maintain. A better approach would be to use a local variable and then assign the result to the field just once at the end of the method.,Other.
Use methods of java.util.Iterator,"Instead of manually handling the iteration, you can use hasNext() and next() methods of java.util.Iterator. This not only reduces the amount of code but also makes it more readable.",Use <method-1> method instead of <method-2>.
"Use try-with-resources for Connection, PreparedStatement and ResultSet","The try-with-resources statement is a try statement that declares one or more resources. The resource objects must implement the java.lang.AutoCloseable interface or the java.io.Closeable interface. When the try block completes, whether normally or abruptly, all the resources declared are automatically closed. This ensures that the resources are always closed and can prevent resource leaks.",Use try-with-resources.
Improve code readability by reducing nesting,The method has deep nesting which makes the code less readable. It is better to split it into multiple small methods or use early returns to flatten the structure.,Extract code blocks into separate method.
Extract duplicate code into a method,The code inside the two for loops is identical except for the type of executor. This duplicate code could be extracted into a new method.,Extract code blocks into separate method.
Avoid code duplication,There are similar blocks of code in the method that can be extracted into a separate method to avoid duplication.,Extract code blocks into separate method.
Extract logic in retry method into a separate method,The logic inside the retry method is complex and specific. It's better to extract this logic into a separate method. This makes the code cleaner and easier to understand.,Extract code blocks into separate method.
Use constants for repeated values,"The value '2' is used multiple times in the code. It is a good practice to replace such literals with named constants. This makes the code more readable and maintainable. If the value needs to be changed in the future, it can be done in one place.",Replace Magic values with constants.
Use enhanced for loop instead of Iterator,"Instead of using an Iterator to loop over `appenderList`, use the enhanced for loop. The enhanced for loop is easier to read and reduces the chance of programming errors.",Use enhanced for loop.
Remove redundant semicolon,There is a redundant semicolon after the try-catch block. It's not needed and can be removed.,Remove Statements.
Avoid magic numbers,"The code contains magic numbers (like 0, 1). It's better to replace them with named constants to make the code more readable and maintainable.",Replace Magic values with constants.
Use try-with-resources for StringBuilder,"To ensure that StringBuilder is closed after being used, it's better to use a try-with-resources statement. This avoids potential memory leaks or other issues related to resource management.",Use try-with-resources.
Use try-with-resources to automatically close resources,"Instead of manually closing resources in a finally block, use Java's try-with-resources feature. This ensures that each resource is closed at the end of the statement, which makes the code cleaner and less error-prone.",Use try-with-resources.
Remove redundant initialization of result,The 'result' variable is initialized with null but this is not necessary because it's assigned in all branches of the switch statement.,Remove Statements.
Remove unnecessary else block,"The 'else' block after the 'if' conditions that check if the element is an instance of HtmlDialog is unnecessary. If the 'if' condition is true, the method returns, so the 'else' block will not be executed. If the 'if' condition is false, the program will naturally continue to the next lines, rendering the 'else' keyword superfluous.",Remove Statements.
Avoid empty catch blocks,"Empty catch blocks can lead to swallowing exceptions and making it hard to debug when something goes wrong. At the very least, log the exception.",Improve Exception handling.
Replace explicit type with <>,"In Java 7 and later, you can replace the parameterized type of the constructor with an empty set of type parameters (<>).",Use diamond operator.
Use try-with-resources for time measurement,"To accurately measure the time taken by 'JMeterBuilder.buildApiDoc(config)', use a try-with-resources block with a custom AutoCloseable timer resource. This ensures that the timer is stopped even if an exception is thrown, providing a more accurate measurement.",Use try-with-resources.
Avoid code repetition,"There is a lot of code repetition in the current method. The same block of code is duplicated multiple times, once for each combination of 'n1', 'n2', 'lgK1', 'lgK2', and 'lgMaxK'. These repeated lines of code can be extracted into a new method, which can then be called with the required parameters.",Extract code blocks into separate method.
Use Optional instead of null check,"Java 8 introduced Optional to help design more comprehensible APIs so that by just reading the signature of a method, you can tell whether you can expect an optional value. This forces you to actively unwrap an Optional to deal with the absence of a value.",Use <method> instead of null check.
Extract node creation to a separate method,The creation of a new Node within the for loop can be extracted to a separate method. This would make the code more readable and would also separate the concerns of node creation and node linking.,Extract code blocks into separate method.
Use try-catch block to handle ClassCastException,The code makes a lot of unchecked casts which can lead to ClassCastException. We can add a try-catch block to handle these exceptions and provide meaningful error messages.,Improve Exception handling.
Use JUnit's assertThrows instead of try-catch-fail pattern,"The current code uses a try-catch pattern with a fail statement for testing exceptions, which is not recommended. Instead, use JUnit's assertThrows method, which is more concise and expressive.",Use <method-1> method instead of <method-2>.
Replace multiple string concatenations with append,"String concatenation in a loop is inefficient because it creates a new string object at every concatenation. Instead, use the StringBuilder append method, which is more efficient.",Use StringBuilder instead of <>.
Avoid null assignment,Assigning 'null' to 'counterMap' after clearing it is not necessary. Java's garbage collector will clean up the object once there are no more references to it.,Remove Statements.
