longDescription,shortDescription,class
"The accessibility of the field is changed each time in the for loop. It can be moved to where the field is initialized, reducing the number of times this operation is executed.",Move field accessibility change to initialization,"Other.
"
"Instead of making each field accessible during each iteration, it is more efficient to make the fields accessible before the loop starts. This can improve performance.",Remove unnecessary field accessibility change,"Other.
"
The java keyword 'final' can be used for any variable that is not reassigned. It makes the code safer by preventing unintentional reassignments and improves readability by making it clear that the variable is not expected to change.,Use final for variables that are not reassigned,"Other.
"
"Instead of using multiple if-else statements, you can use early return to reduce the indentation level and improve readability.",Use early return instead of multiple if-else,"Other.
"
Using a 'continue' with a label (continue out;) is generally considered bad practice as it can make the control flow of the program harder to understand. It would be better to refactor the code to avoid using this construct.,Avoid using continue with a label,"Other.
"
"The @Deprecated annotation indicates that this method should no longer be used. If this method is still in use, you should remove the annotation. If it's not in use, you should remove the method.",Avoid using deprecated annotation,"Other.
"
Deep nesting makes the code harder to read and understand. Try to refactor the code to remove some levels of nesting.,Avoid deep nesting,"Other.
"
"The checks for `CollectionUtil.isNotEmpty(apiMethodDoc.getPathParams())`, `CollectionUtil.isNotEmpty(apiMethodDoc.getQueryParams())`, and `CollectionUtil.isNotEmpty(apiMethodDoc.getRequestParams())` are done separately. They can be consolidated into a single if-else block.",Consolidate condition checks,"Other.
"
"Instead of using if-else statements for conditional assignment, use the ternary operator. This makes the code more readable and concise.",Use the ternary operator for conditional assignment,"Other.
"
"The @Deprecated annotation suggests that the method should not be used, as it might be removed in future versions. If the method is still in use, this annotation should be removed.",Remove @Deprecated annotation,"Other.
"
Hardcoding configuration values directly in the code makes it less flexible and harder to maintain. These values should be externalized into a configuration file or passed as environment variables.,Externalize hardcoded configuration values,"Other.
"
Using System.out.println or any other variant of console logging is not recommended in production-grade code. Use a logger to handle your application's logging needs.,Use a logger instead of print statements,"Other.
"
It's generally a good practice to avoid deep nesting of conditions and loops. It makes the code more readable and maintainable.,Improve readability by avoiding deep nesting,"Other.
"
Hard coding configuration values in your code is not a best practice. It would be better to externalize these configuration values into a properties file or environment variables.,Externalize Configuration,"Other.
"
Modifying method parameters can lead to unexpected behavior. Create a new variable instead of modifying 'tags'.,Avoid modifying method parameters,"Other.
"
"The method parameters and Java methods inside the method should be final, as they are not supposed to be changed once assigned. This makes the code safer from bugs and more self-descriptive.",Use final keyword with Java methods and parameters,"Other.
"
"It is generally a good practice to avoid modifying input arguments. Instead of directly modifying the 'field' property of 'apiParam', it would be better to create a new ApiParam instance with the modified 'field' and use it for further processing.",Avoid modifying input arguments,"Other.
"
Making parameters final ensures they are not reassigned within the method,Use final for apiMethodDocs and hasDebugEnv parameters,"Other.
"
Making local variables final ensures they are not reassigned within their scope,Use final for local variables,"Other.
"
You can simplify condition checking by using the ternary operator,Simplify condition checking,"Other.
"
"Labels are not recommended in Java as they may make the control flow of the program hard to understand. Instead, consider using control flow statements like 'break', 'continue', or 'return'.",Avoid using labels,"Other.
"
"There are several if-continue statements. These can be replaced with a single if clause, which will make the code more readable.",Replace if-continue statements with a single if statement,"Other.
"
Combine related if conditions to simplify the logic and improve readability.,Simplify if conditions,"Other.
"
Remove the deprecated annotations as they suggest that the method is no longer recommended and will be removed in the future.,Remove deprecated annotations,"Other.
"
The hardcoded app token should be externalized to a configuration file or environment variable. This would provide better security and flexibility.,Externalize sensitive data,"Other.
"
"The local variables 'isStrict', 'isShowJavaType', 'className', and 'paramTagMap' are not modified after being initialized. They can be declared as final to improve code readability and to enforce good coding practices.",Use final keyword for local variables,"Other.
"
"The 'final' keyword in Java is used to indicate that a variable's value cannot be changed once assigned. This can be applied to the variables 'clazName', 'paramsDataToTree', 'group', 'classAnnotations', 'mappingAnnotationMap' and 'filterMethods' as they are not modified after being assigned.",Use the 'final' keyword for immutable variables,"Other.
"
"Using 'continue' in a loop can make the control flow harder to understand and maintain. Instead, this logic can be rewritten to avoid the need for 'continue'.",Avoid using 'continue' in a loop,"Other.
"
"The Deprecated annotation is used to inform the compiler that the method, class, or field is allowed to exist in the code, but it is discouraged to be used, and there may be risks in use. The test method you are implementing should not be deprecated.",Remove Deprecated Annotation,"Other.
"
"The use of labels in Java (like 'out:' in this method) is not recommended, as it can make the code harder to read and understand. It is better to use control structures like 'if', 'while', 'for', 'switch', etc., to control the flow of the code.",Avoid using labels,"Other.
"
"In Java, method parameters are passed by value. This means that if you change the parameter itself, for example by assigning it a new value, you are not changing the original argument that was passed in. Therefore, reassigning method parameters can be confusing and is generally considered bad practice.",Avoid reassigning method parameters,"Other.
"
"Methods such as `isEmpty` from `CollectionUtil` and `isEmpty` from `ArrayUtils` are used multiple times throughout the code. By using a static import, you can make the code cleaner and easier to read.",Use static import for frequently used static methods,"Other.
"
The if-else statements checking for the presence of different types of parameters can be replaced by using a ternary operator. This will make the code more concise and readable.,Use ternary operator to simplify if-else statements,"Other.
"
"The code can be made more readable and less indented by using an early return. If the annotationName does not match the headerAnnotation's annotationName, continue the loop.",Reduce nesting with early return,"Other.
"
"The code has a deep level of nesting which makes it hard to read. We should aim to reduce this wherever possible, for example by using 'continue', 'break', or 'return' more strategically.",Avoid deep nesting,"Other.
"
Some boolean expressions in the code are unnecessarily complex and can be simplified for better readability.,Simplify boolean expressions,"Other.
"
Using the 'final' keyword for variables that do not change after initialization can improve code readability and can potentially improve performance.,Use final modifier for immutable variables,"Other.
"
"Casting to LinkedList is not required, as the object can be treated as a List. Removing unnecessary casting can make the code clearer and easier to read.",Remove unnecessary casting,"Other.
"
"The method uses a label (i.e., 'out') and 'continue' statements. This can make the code harder to read and understand. It would be better to refactor the code to avoid the need for these.",Avoid using labels and 'continue' statements,"Other.
"
It's a good practice to use the 'final' keyword for constants to prevent them from being accidentally modified.,Use 'final' keyword for constants,"Other.
"
"The method uses multiple lists, maps, and other data structures. Some of these might be replaced with more appropriate data structures or be removed completely through refactoring. This can improve performance and readability.",Use appropriate data structures,"Other.
"
"Instead of wrapping the entire method in an if statement, you can use an early return to reduce the level of nesting. This can make the code easier to read and understand.",Use early return to reduce nesting,"Other.
"
"Variables that don't change their reference, like 'tpl', 'errorCodeList', 'apiDocDictList' should be declared with final keyword to improve code clarity and prevent accidental reassignment.",Use final keyword for immutable variables,"Other.
"
"There is an unnecessary cast to LinkedList on line 22, which can be removed to improve performance",Remove unnecessary casting,"Other.
"
"Creating new objects inside a loop can lead to poor performance. Instead, consider reusing a single object throughout the loop, or creating the objects before entering the loop.",Avoid creating new objects in loops,"Other.
"
"The nested if-else conditions checking different types of parameters can be replaced with a Strategy Pattern, where each type has its own strategy class. This will make the code more scalable and easier to maintain.",Replace nested if-else with Strategy Pattern,"Other.
"
"The `@Deprecated` annotation is used to signal programmers that a particular element (class, method, etc.) should not be used and that a better alternative exists. If this method is still in use, remove the Deprecated annotation.",Remove Deprecated Annotation,"Other.
"
"Java provides the 'final' keyword, which can be applied to variables. When a variable is declared as final, its value can't be modified, essentially, a constant. This can be particularly useful for values that will not change, like 'constantsMap', 'parameters', etc. This also improves the code's readability and safety, especially in multithreaded environment.",Use final keyword where appropriate,"Other.
"
"Instead of using multiple conditions to extract the type name, we can use regular expression to simplify the process. This will make the code more readable and maintainable.",Refactor to use regular expression,"Other.
"
"The use of labels with continue is generally discouraged as it makes the code harder to understand. Instead, consider restructuring your code to avoid the need for it.",Replace continue labels,"Other.
"
There are some nested if conditions that could be simplified by using early returns. This would make the code easier to read and understand.,Use early returns to reduce nesting,"Other.
"
"Instead of creating a new instance of BasicDataSource every time this method is called, consider using Dependency Injection to manage this resource.",Use Dependency Injection for BasicDataSource,"Other.
"
"Chaining method calls can make the code hard to read and debug. Instead of chaining methods, use multiple lines for each method call.",Avoid chaining method calls,"Other.
"
"Instead of setting properties individually, we can use a constructor to set all properties at once. This can make the code cleaner and easier to read.",Use constructor injection for setting up DataSource,"Other.
"
The current code repeats 'formLogin()' and 'logout()' method calls multiple times while setting different properties. It would be more clear and concise to call these methods once and then set all properties in a chain.,Use fluent API effectively,"Other.
"
"Instead of using an anonymous class for the HeaderWriter, it would be better to create a separate class. This will make the code more readable and maintainable. The new class can be named as CustomHeaderWriter.",Make anonymous class a separate class,"Other.
"
Using the ternary operator can make the code more concise and easier to read. This is particularly useful for short if-else statements where both branches assign a value to the same variable.,Use ternary operator for short if-else statements,"Other.
"
"The method should declare its visibility explicitly. As per Java best practices, it's a good idea to be explicit about the access level, even if it's package-private.",Add method visibility,"Other.
"
"The if-else statement at the end of the method can be simplified using a ternary operator, which would make the code more concise.",Use ternary operator for conditional assignment,"Other.
"
"It is recommended to use try-with-resources for any objects that implement the AutoClosable interface. This ensures that the object will be properly closed and any system resources associated with them will be released. StringBuilder does not require closing, but it is a good practice to use try-with-resources with it to ensure that the string is properly built, even in the case of exceptions.",Use try-with-resources for StringBuilder,"Other.
"
"The if-else condition at line 31 is too complex. It's better to decompose it into multiple if conditions. This will make the code easier to understand and maintain. Additionally, the use of the 'assert' keyword should be limited as it can cause the program to halt.",Refactor Conditional Statement,"Other.
"
The variable `combBufSize` is only used inside the if block. Declare it inside the if block to reduce its scope and improve readability.,Reduce scope of variable,"Other.
"
The current test case is overly long and testing multiple functionalities. This makes it harder to understand and maintain. Each test case should ideally only test one functionality. This would make it easier to pinpoint where the issue is when a test fails.,Separate the test case into multiple smaller test cases,"Other.
"
"Instead of repeating the same code for testing onHeapMem and offHeapMem, use parameterized testing to reduce code duplication and improve maintainability.",Use parameterized testing,"Other.
"
"The 'if' structure that assigns the value of totalRWeight is a perfect place to use ternary operator, which can make the code more compact.",Use ternary operator,"Other.
"
"Remove unnecessary assertions in production code. Assertions are intended for debugging and testing, not for controlling runtime behavior. If you need to enforce these conditions, consider using exceptions instead.",Remove Unnecessary Assertions,"Other.
"
The casting to CompactSketch is unnecessary because the Sketch.heapify and Sketch.wrap methods are returning CompactSketch object. It's redundant and can be eliminated,Eliminate redundant casting,"Other.
"
The if-else clause for returning the value is redundant. It can be simplified using a ternary operator.,Use a ternary operator for the return statement,"Other.
"
"The `testSk` object is cast to `CompactSketch` multiple times in the code. Since the type of `testSk` does not change throughout the method, it is unnecessary to cast it every time it is assigned a new value. Instead, the casting should be done once when the variable is declared.",Avoid redundant casting,"Other.
"
Using the final keyword for variables that aren't being modified increases the readability of the code and can also provide a slight performance boost.,Use final keyword for variables,"Other.
"
"In JUnit framework, we can use the @Before annotation to indicate that the annotated method will be run before each test. This is useful when we want to avoid repetitive code in our tests. In this case, we can use this feature to initialize the sketch variable, which is used in all test cases.",Use @Before annotation for initializations,"Other.
"
"Instead of using a conditional statement to determine the string representation of the boolean value, you can use a ternary operator. This simplifies the code and makes it more readable.",Use a ternary operator for boolean string representation,"Other.
"
There are many if-else blocks in the method. We could reduce the complexity and improve the readability of the method by replacing if-else blocks with polymorphism.,Replace if-else blocks with polymorphism,"Other.
"
"There are some assertions in your code that might not be necessary. While assertions can be helpful for debugging, they can sometimes be overused. If you are confident that your code is correct, then these assertions might not be necessary.",Remove Unnecessary Assertions,"Other.
"
JUnit test methods should be annotated with @Test annotation for clarity and to avoid any potential issues with the test runner.,Add missing annotations,"Other.
"
Adding the final modifier to a method parameter when the parameter is never re-assigned within the method can improve readability by making it clear that the parameter never changes. This can also potentially improve performance by allowing the JVM to perform certain optimizations.,Add final modifier to method parameter,"Other.
"
Using guard clauses instead of nested if-else statements can make the code easier to read and understand by reducing the level of indentation and making it clear when we expect execution to stop and an exception to be thrown.,Replace if-else statements with guard clauses,"Other.
"
Returning 'this' from a method can be confusing to the method callers. It might be better to refactor the method to avoid this need.,Avoid returning 'this' in the method,"Other.
"
"The type casting to 'CompactSketch' is unnecessary and can be removed. The 'Sketch.heapify' method already returns an instance of 'CompactSketch', so the explicit cast is redundant.",Remove redundant type casting,"Other.
"
The if-else checks used to get the SteamIDReceiver can be replaced with a map. The receiverID can be used as a key and the SteamID can be the value. This will help in reducing the number of lines and improve the readability of the code.,Replace if-else checks with a map,"Other.
"
"The method returns the value in multiple places, which can make the code harder to understand and maintain. It would be better to have a single exit point from the method.",Avoid returning value in multiple places,"Other.
"
"Instead of using multiple instance checks for HtmlTextInput, HtmlTextArea, HtmlTelInput, HtmlNumberInput, HtmlSearchInput, HtmlPasswordInput, create a common interface or superclass.",Use polymorphism for checking instance,"Other.
"
Deeply nested if-else blocks make the code harder to read and understand. Refactor the code to avoid deep nesting.,Avoid Deep Nesting,"Other.
"
"Infinite loops can cause the program to hang indefinitely. They should be avoided, and a proper condition should be used instead.",Avoid Infinite Loops,"Other.
"
The if-else statement inside the for loop can be replaced with a ternary operator for readability and brevity. A ternary operator is a one liner replacement for if-then-else statement and used a lot in java programming.,Replace if-else statement with ternary operator,"Other.
"
"The method type() is coupled to many other objects such as HtmlForm, WebClient, HtmlSubmitInput, and HtmlPage. We can reduce this coupling by making these objects class members and initializing them in the constructor or in a different method. This will make the type() method easier to read and maintain.",Reduce coupling,"Other.
"
"This method has a lot of nested control flow, which makes it hard to follow and increases its cyclomatic complexity. By using early return statements, we can reduce the level of nesting and make the method easier to understand. We can apply this principle to the initial checks for 'isSameNode' and 'getClassName', as well as the various type checks within the method.",Use early return to reduce nested control flow,"Other.
"
Java 14 introduced a new feature called pattern matching for instanceof. This feature allows us to simultaneously test whether a variable is of a certain type and cast it to that type in a single statement. This can make our code more concise and easier to read.,Use instanceof pattern matching introduced in Java 14,"Other.
"
"Instead of checking the type of this instance in the if statement, consider using polymorphism. You can create a method in the parent class and override it in the child classes to provide the specific behavior.",Use polymorphism instead of checking instance type,"Other.
"
"Currently, the code checks the type of each window and calls different close methods accordingly. It would be better to define a common interface or superclass for TopLevelWindow and DialogWindow that includes a close method, allowing us to treat all windows the same way.",Replace type checking with polymorphism,"Other.
"
"There is deep nesting in the current code, which makes it hard to read and understand. Consider refactoring the code to avoid deep nesting.",Avoid Deep Nesting,"Other.
"
"Instead of having multiple OR conditions to check if the character 'c' equals to '\t', '\r', or '\n', we can create an array of these characters and use the contains method for the check. This will make the code cleaner and easier to read.",Replace multiple OR conditions with an array and contains check,"Other.
"
The code contains a lot of nested if else blocks which increases the complexity of the code. Many conditions can be combined using logical AND operator to reduce the nesting.,Reduce Nested Conditionals,"Other.
"
"Instead of nesting the main logic in an `if` statement, we can return early if `keyDown.isAborted(keyDownResult)` is true. This reduces the level of nesting and makes the code easier to read.",Use early return to reduce nested if,"Other.
"
Use of instanceof in the method can be avoided by using polymorphism. Define a method in the base class (HtmlElement) and override it in the subclasses to achieve the desired behavior.,Avoid instanceof checks,"Other.
"
The code is deeply nested which makes it difficult to read and understand. The nested if conditions can be transformed into a sequence of if conditions with returns to avoid deep nesting.,Avoid deep nesting,"Other.
"
The code uses a series of `instanceof` checks to determine the type of the object. This can be improved by using polymorphism and moving the functionality that depends on the type to the classes themselves.,Reduce type checking,"Other.
"
Assigning null to a variable doesn't necessarily help the garbage collector and can make the code harder to read.,Avoid unnecessary null assignments,"Other.
"
Deep nesting makes the code harder to read and understand. It's better to return early to avoid deep nesting.,Avoid deep nesting,"Other.
"
"The method `getCalculatedWidth` has too many nested if-else conditions which makes the code difficult to read and maintain. Instead, we can use early returns to reduce the level of nesting.",Reduce Nested If-Else conditions,"Other.
"
"The method contains excessive nesting, which can make the code difficult to read and understand. This can be simplified by using early returns.",Reduce nesting,"Other.
"
"Instead of nesting all code under the `isCssEnabled()` condition, we can return early if CSS is not enabled. This reduces the overall indentation level of the code and improves readability.",Use early return to improve readability,"Other.
"
"In the first for loop, we have multiple conditions that lead to a return statement. To reduce the nesting, we can use `continue` when the node is not an instance of HtmlElement, reducing the indentation level and improving readability.",Use `continue` to reduce nesting inside loop,"Other.
"
There are multiple instanceof checks for different classes. You can use a List of Classes and use the contains() method to check if the object belongs to any of the classes in the list. This makes the code cleaner and more maintainable.,Reduce multiple instanceof checks,"Other.
"
The multiple return statements within the method could be consolidated into a single return statement at the end of the method. This would make the method easier to read and understand.,Consolidate return statements,"Other.
"
The while(true) loop may lead to an endless loop if the break condition is never met. We should avoid this kind of loop and add a specific condition for the loop to stop.,Avoid endless loops,"Other.
"
Deeply nested code can be hard to read and understand. You should refactor the code to reduce the level of nesting.,Avoid Deep Nesting,"Other.
"
The method isDisplayed() has a high degree of nested if conditions which makes the code harder to read and maintain. The nesting level can be reduced by returning earlier in some conditions.,Reduce the nesting level,"Other.
"
Deeply nested code becomes difficult to read and understand. Try to refactor the code to reduce the level of nesting.,Avoid deep nesting,"Other.
"
"Before invoking a method using reflection, check if the method is accessible or not.",Check method accessibility,"Other.
"
"The method getHtmlForm().getPage() already returns a HtmlPage object, so no need to cast it again.",Remove unnecessary casting,"Other.
"
The use of the instanceof operator for checking the type of the current instance can be avoided. This can be improved by using polymorphism and having each subtype override a method that returns a boolean to indicate whether a keyboard event should be fired.,Avoid type checking with instance of operator,"Other.
"
"Instead of checking if a condition is false in an if statement and then returning a value, return the opposite of the condition directly.",Simplify boolean return conditions,"Other.
"
"Add @Nullable annotation to the method signature to indicate that the method can potentially return null, which can help avoid NullPointerException.",Add nullability annotations,"Other.
"
"Remove unnecessary casting to HtmlPage, as getPage() already returns an HtmlPage.",Remove unnecessary casting,"Other.
"
The conditions for checking if the element is an instance of certain classes can be simplified by putting all classes in a List and checking if the list contains the instance of the element class.,Simplify conditions,"Other.
"
"The current method returns in the middle of the method, which makes the control flow harder to understand. Instead, declare a variable at the beginning of the method, assign the appropriate value to it in the method, and then return this variable at the end of the method.",Avoid returning in the middle of the method,"Other.
"
The current method has an infinite loop that only breaks when a certain condition is met. This can lead to the application hanging if the condition is never met.,Avoid Infinite Loops,"Other.
"
Infinite while loops can cause the program to become unresponsive and are generally discouraged. Consider adding a condition to break out of the loop.,Avoid infinite while loop,"Other.
"
Deeply nested code can be difficult to read and understand. Consider refactoring to avoid deep nesting.,Avoid deep nesting,"Other.
"
"The given method has a high level of nesting. This makes the code hard to read and maintain. Consider using a design pattern, such as Strategy or State, to encapsulate the behaviours based on the different types of Html elements.",Reduce Nested if-else Structures,"Other.
"
"It is recommended to use try-finally blocks to ensure resources like StringBuilder are always closed, even if an exception is thrown. This helps to prevent resource leaks.",Use try-finally blocks to ensure the StringBuilder is always closed,"Other.
"
Using the 'instanceof' operator to check the type of an object and then performing type-specific actions can be replaced with method overloading and polymorphism. This can make the code more extensible and easier to modify.,Use polymorphism instead of instance of,"Other.
"
The casting to (HtmlPage) is unnecessary because the getPage() method already returns an object of type HtmlPage. Removing unnecessary casting improves readability and may increase performance.,Remove unnecessary casting,"Other.
"
The code uses an absolute file path which makes it not portable. It's better to use relative paths or retrieve the path from a configuration file or environment variable.,Avoid using absolute file paths,"Other.
"
"Hardcoding a file path can lead to problems when your project is moved or deployed to a different environment. Instead, you can use a relative path or a method to get the path.",Avoid hardcoding file paths,"Other.
"
The FileInputStream is being initialized with an absolute file path which will only work on the specific machine where the code is currently running. This path should be replaced with a relative path to ensure portability across different machines.,Replace absolute file path with relative file path,"Other.
"
The current implementation might create urls with dangling '?' or '&'. The code should be improved to prevent these cases.,Handle edge cases for '?' in url,"Other.
"
Error messages should be in English for better understanding and readability. The error messages in this method are in a non-English language that may not be understood by all developers.,Refactor error messages to English,"Other.
"
"The method contains multiple layers of nested conditionals, which makes it hard to understand the logic. Consider restructuring the code to make it easier to read and maintain.",Reduce nested conditionals,"Other.
"
Nested conditions can be hard to read and understand. We can reduce nested conditions by returning early and removing unnecessary conditions.,Reduce nested conditions,"Other.
"
"To make your code more accessible for developers who don't read Chinese, change the println statement to print in English.",Use English for println statement,"Other.
"
Your method has too many nested conditionals. This makes the method hard to read and understand. You can improve this by returning early when a condition is not met.,Avoid deep nesting,"Other.
"
"The file path is currently hard-coded, which can cause problems if the file path doesn't exist on all machines where the program is run. It would be safer to take the file path as a parameter to the method or from a configuration file.",Avoid hard-coding file paths,"Other.
"
"Having multiple return statements in a method can make the code harder to read and debug. Instead, declare a variable to hold the result and return this variable at the end of the method.",Avoid multiple returns,"Other.
"
"Nested conditions can make code hard to read and understand. In your while loop, consider refactoring the nested conditions to simplify your code.",Refactor nested conditions,"Other.
"
It is better to move the 'if' condition inside the 'synchronized' block to prevent potential race conditions.,Move the 'if' condition inside the 'synchronized' block,"Other.
"
"Instead of using a large if-else block, use early return to simplify the code and reduce the level of indentation.",Use early return,"Other.
"
"Using English for println statements, such as 'Download Complete' instead of '下载完成', can help make the code more universally understandable.",Use English for println statement,"Other.
"
Having multiple return statements in a method can make it harder to debug. Try to refactor the code so there's only one return statement at the end.,Reduce Multiple Returns,"Other.
"
"When the assertion fails, it should provide a meaningful error message to help diagnose the problem. This is especially useful when the test is run in a CI/CD environment where the developer might not have direct access to the runtime details.",Improve assertion message,"Other.
"
"The condition check for the testSetWeak size could be simplified to improve readability and maintainability of the code. Instead of using '&&' operator, we can use '<=' and '>=' operators to make the condition more readable.",Improve condition check,"Other.
"
"AssertJ provides a rich set of assertions, truly helpful error messages, improves test code readability and is designed to be super easy to use. This could be used to improve the quality of the assertions.",Use AssertJ for better assertion,"Other.
"
"The control flow in the `hasNext()` and `next()` methods is nested and somewhat convoluted, making it hard to read and understand. By refactoring to reduce nesting, the code will be clearer and easier to maintain.",Refactor nested control flow,"Other.
"
"Adding a final modifier to method parameters is a good practice. It makes them effectively final, which means that once assigned, their value cannot be changed. This prevents accidental modification of the parameter within the method.",Add final modifier to method parameter,"Other.
"
It's not efficient to subscribe the same listener multiple times. It's better to check if the listener is already subscribed before subscribing.,Avoid duplicate subscription of listeners,"Other.
"
Objects that are not listeners should not be subscribed. It can lead to errors or unexpected behavior.,Avoid subscribing objects that are not listeners,"Other.
"
assertJ provides a rich and intuitive set of assertions that can make your tests more readable and help you debug failures.,Use assertJ assertions for better readability and more detailed error messages,"Other.
"
"The nested if condition in the 'hasNext' method could be reduced for better readability. Instead of nested if conditions, we can return the result of the OR operation of the conditions directly.",Reduce nested conditions,"Other.
"
"Instead of recursively calling the next() method, you can use a while loop to avoid potential StackOverflowError.",Avoid recursive calls,"Other.
"
The complex boolean expression in the assertion can be hard to understand. Split it into two separate assertions to improve readability.,Split complex boolean expression to improve readability,"Other.
"
"The hasNext, next, and remove methods are part of the Iterator interface and should be annotated with the @Override annotation to indicate that they are meant to override methods in the superclass.","Add Override annotations to hasNext, next, and remove methods","Other.
"
The method currently changes the input byte array. Consider making a copy of the array at the start of the method so the original array remains unaltered.,Consider making the method non-destructive,"Other.
"
"Java methods should always be declared with explicit visibility. If the method should be available to all classes in the same package and subclasses, then it should be declared as protected.",Add method visibility modifier,"Other.
"
"The method does not have an access modifier and return type. It is best to explicitly specify the access level for better encapsulation and method should also have a return type, even if it's void.",Add method access modifier and return type,"Other.
"
"Every Java method should have one of the visibility modifiers: public, protected or private. If none is stated, then it has default package-private visibility, which might not be what you intended.",Add method visibility modifier,"Other.
"
The two for loops in the if-else condition are almost identical. We can combine them by always appending 'between' to 'out' and checking if 'between' is not empty inside the loop. This will make the code cleaner and more readable,Combine if-else conditions,"Other.
"
"Modifying input parameters can lead to unexpected behavior and bugs. Instead, create a new byte array and return it. This ensures that the original data is not unintentionally altered.",Avoid modifying input parameters,"Other.
"
"Instead of writing multiple assertions, parameterized tests can be used to test different inputs with one single test method. This would reduce the number of lines and improve readability.",Use parameterized tests,"Other.
"
"The Alphabet method is missing an access modifier. It's best practice to always define the scope of a method in Java. If this method is intended to be a constructor for a class, it should have the same name as the class.",Add method access modifier,"Other.
"
"Java methods should have an explicit visibility modifier. If this method is intended to be used only within the same class, the 'private' keyword should be used. If it is intended to be used by any class in the same package or subclasses, then the 'protected' keyword should be used. If it is intended to be used by any class from any package, then the 'public' keyword should be used.",Add method visibility,"Other.
"
"Multiple lines are used to test the bitAt method with different inputs. Instead of repeating the same code, you can use a parameterized test. This will allow you to specify the input values and expected outputs in a more organized way.",Use parameterized tests for repetitive assertions,"Other.
"
"Instead of multiple assertions, use parametrized unit tests to improve code readability and maintainability. This allows defining multiple sets of parameters for the test method and running the test for each set of parameters.",Use parametrized unit tests,"Other.
"
"If the method is not intended to be accessed outside the enclosing class, it is a good practice to declare it as private. This ensures that the method is not accidentally accessed or modified from outside the class, which can lead to unintended behavior.",Add 'private' visibility to method,"Other.
"
"Every method in Java should have a specific access modifier (public, private, or protected) and a return type (void if it doesn't return anything). If it is a constructor, it should match the class name.",Add method access modifier and return type,"Other.
"
There are multiple test cases with the same structure but different values. Parameterized tests can be used to run the same test with different values.,Use parameterized tests,"Other.
"
"Instead of manually writing multiple test cases with different parameters, you can use parameterized tests. This makes the code more readable and maintainable.",Use parameterized tests,"Other.
"
"Java methods should always define their visibility (public, protected, private) and return type. If the method does not need to return a value, then 'void' should be used.",Add method visibility and return type,"Other.
"
"In Java, it is a good practice to avoid modifying input parameters. This can lead to unexpected behaviors for the callers of the method who might not expect the method to modify the input. You can create a new byte array and work with it instead of altering the input byte array.",Avoid modifying input parameters,"Other.
"
"The method does not have an access modifier or return type, which is a syntax error in Java. The method should be defined as public, protected or private and should have a return type, void if it does not return anything.",Add method access modifier and return type,"Other.
"
"The method is lacking an access modifier, it's a good practice to always define the access level of methods. In this case, it seems like it should be 'public'.",Add method access modifier,"Other.
"
"The method should have a visibility modifier to specify its visibility. In this case, we assume it should be public.",Add method visibility modifier,"Other.
"
"The method lacks a return type and access modifier which is not valid in Java. It seems like it is meant to be a constructor for a class because of the 'this' keyword usage. But the class name is not provided. It should be a constructor of a class, and the class name should be the same as the method name.",Method Signature,"Other.
"
"The method should have a visibility modifier to specify where it can be accessed from. If it's intended to be accessed from anywhere, it should be public. If it's intended to only be used within the class it's defined in, it should be private.",Add method visibility,"Other.
"
"Every Java method should have an access modifier. If no access modifier is specified, then it defaults to 'package-private', which may not be intended.",Add method visibility,"Other.
"
"Instead of writing individual assertions for each element, you can use a data-driven approach where you specify the input and expected output in a data structure and iterate over it. This makes the code cleaner and easier to extend.",Use a data-driven approach for testing,"Other.
"
"In Java, '===' and '!==' are not used for comparison. Instead '==' and '!=' should be used. This will avoid any potential confusion or errors.",Use '===' and '!==' for comparison,"Other.
"
There are several cases where you are testing the same logic with different parameters. You can simplify your code and make it more maintainable by using parameterized tests. This will allow you to define a single test method and run it multiple times with different parameters.,Use parameterized tests,"Other.
"
"All methods in Java should have an access modifier to specify where this method can be accessed from. If none is provided, it defaults to package-private, which may not be intended. If this method should be accessible anywhere, use the 'public' modifier. If it should only be accessible within this class, use the 'private' modifier.",Add method access modifier,"Other.
"
"If a variable is intended to not change after its initial assignment, it should be marked with the 'final' keyword. This makes the code safer, as it prevents accidental modification of these variables. 'chars', 'bitsPerChar', 'charsPerChunk', 'bytesPerChunk', 'mask', and 'decodabet' seem to fit this criteria.",Use final keyword where possible,"Other.
"
Multiple return statements in a method can make the code harder to read. It can be refactored to use a single return statement at the end of the method.,Refactor to use a single return statement,"Other.
"
The assertions for the routes are very similar. This can be refactored into a parameterized test to reduce redundancy and improve code readability.,Use parameterized tests,"Other.
"
"Instead of manually setting the marshaller and unmarshaller, use the `@InjectMocks` annotation to automatically inject the mock objects into the instance of `AbstractMarshallingPayloadEndpoint`. This reduces boilerplate code and improves readability.",Use @InjectMocks annotation to inject mock objects,"Other.
"
"Instead of casting the source object in the body of each if else condition, use instanceof pattern matching introduced in Java 14 to automatically cast the object to the required type. This not only reduces the verbosity of code but also eliminates the risk of ClassCastException.",Use instanceof pattern matching in if else statements,"Other.
"
Adding final to method parameters when they are not modified in the method makes the code safer by preventing accidental modification of these parameters.,Add final to parameters,"Other.
"
Use the @Before annotation for the setup process. This allows it to be used across multiple tests without having to duplicate the code.,Use @Before annotation for setup,"Other.
"
"Use the @After annotation for the tear down process. This ensures the teardown process will always be run after each test, even if a test fails.",Use @After annotation for tear down,"Other.
"
"Instead of setting up your mocks in the test method itself, use @Before annotation to set up the mocks. This way, the setup would be run before every test method in the test class, reducing code redundancy if you have more than one test method.",Use annotations for test setup,"Other.
"
"If there are resources that need to be cleaned up after each test, use @After annotation to clean up. This ensures that the cleanup code would be run after every test method in the test class.",Use @After for cleaning up,"Other.
"
"Instead of wrapping the main logic of the method in an `else` block, use an early return style to reduce the level of indentation and improve readability.",Refactor `if` condition to early return style,"Other.
"
"Instead of using an 'instanceof' check to distinguish between different types of endpoint, create a method in the endpoint class that handles the required operation, and call this method directly. This will make the code more flexible and easier to extend in the future.",Replace instance of check with polymorphism,"Other.
"
The nesting in the 'StaxUtils.isStaxSource(source)' block can be reduced by using return statements more effectively.,Reduce Nesting,"Other.
"
Guard clauses can be used to simplify the flow of the method and reduce the number of else statements.,Use Guard Clauses,"Other.
"
Having multiple return statements in a method can make the code harder to read and debug. It is better to use a single return statement at the end of the method.,Replace multiple return statements with a single return statement,"Other.
"
Deeply nested conditions can make the code harder to read and understand. It would be better to refactor the code to eliminate these deep nestings.,Eliminate deeply nested conditions,"Other.
"
"The objects `clientFactory`, `maxConnectionsPerHost`, `client` and `poolingHttpClientConnectionManager` are not re-assigned in the method. They can be declared as final to clearly communicate that they won't be re-assigned.",Use final for objects that won't be re-assigned,"Other.
"
"Nested blocks can make the code harder to read and understand. Instead of using nested if-else blocks, you can use continue statement to reduce the depth of these blocks.",Reduce Nested Blocks,"Other.
"
"The if-else structure to decide whether qName has a namespace URI or not is quite complex. We can simplify this by checking whether qName has no namespace URI at the beginning, and if so, return the created Name immediately.",Simplify if-else structure,"Other.
"
The use of raw types can lead to ClassCastException at runtime. It is safer to use parameterized types.,Use parameterized types,"Other.
"
"Autowired annotation is used to provide the automatic dependency injection. In your case, for marshaller and unmarshaller.",Use @Autowired for dependency injection,"Other.
"
"From Java 10 onwards, you can use the var keyword to let the compiler infer the type of the local variable. This can make your code a little cleaner and easier to read.",Use var keyword for local variable type inference,"Other.
"
"Instead of directly creating beans with `createBeanDefinition`, consider using Dependency Injection for better testability and decoupling. This change is not shown in the 'Change_Diff' because it may involve changes to the overall architecture and not just this method.",Use Dependency Injection for bean creation,"Other.
"
JUnit provides `@Before` and `@After` annotations which can be used to perform setup and cleanup before and after each test respectively. This helps in avoiding duplicate code in tests and makes them more readable.,Use @Before and @After for setup and cleanup,"Other.
"
Having multiple return statements in a method can make the code harder to read and maintain. It's better to refactor the method to have a single exit point.,Refactor multiple return statements,"Other.
"
"Having multiple return statements in a method can make it harder to understand the flow of the method. Instead, you could store the result in a variable and return it at the end of the method.",Replace multiple return statements with single return,"Other.
"
The nested if statements within the `doWithSource` method make the code hard to follow. Consider refactoring this code to reduce the level of nesting and improve readability.,Refactor code to reduce nested if statements,"Other.
"
"Instead of nesting if statements, they can be flattened by using else if statements. This makes the code easier to read.",Reduce nested if statements,"Other.
"
"Instead of nesting if statements, use early returns to avoid deep nesting. This makes the code easier to read and understand.",Avoid deep nesting by early return,"Other.
"
"You can use JUnit's @Before annotation to initialize common setup tasks like creating mocks. This will make your code cleaner, easier to read and maintain.",Use JUnit's @Before annotation for setup,"Other.
"
Extracting the anonymous class to a named inner class can make the code more readable and maintainable. It can also make it easier to reuse the class elsewhere if needed in future.,Extract anonymous class to a named inner class,"Other.
"
The code is deeply nested which makes it harder to read and understand. Avoid deep nesting by returning early when possible.,Avoid deep nesting,"Other.
"
The if-else block checking whether `element` has the attribute 'unmarshaller' can be replaced with a ternary operator for brevity.,Replace if-else with ternary operator,"Other.
"
"The conditional checks for dom4jPresent, jaxb2Present, jdomPresent, and xomPresent can be replaced with a map where the key is the boolean variable and the value is the class to process. This reduces the number of if-else statements and makes the code more scalable and easier to read.",Replace conditional checks with a map,"Other.
"
JUnit provides annotations like @BeforeEach and @AfterEach which can be used to run setup and cleanup tasks for each test case. This makes the code cleaner and avoids repetition if more test cases are added.,Use @BeforeEach for setup,"Other.
"
"The control structure can be simplified by returning early in the if clause. This will remove the need for an else clause, making the code easier to read.",Refactor the if-else control structure,"Other.
"
This annotation is used to signal that the annotated method should be executed before each @Test method in the current test class. This helps to set up the initial state and makes the code more readable.,Use @BeforeEach annotation,"Other.
"
It is a good practice to use the final keyword for constants. This helps to avoid accidental modification of these variables and makes the intention of the code clearer.,Use final keyword for constants,"Other.
"
"Instead of using nested if-else statements, use early return to avoid excessive indentation and make the code easier to read.",Use early return to reduce nesting,"Other.
"
Separating the declaration and assignment can make the code cleaner and easier to read. It also helps avoid unnecessary assignment when the condition doesn't satisfy.,Separate declaration and assignment,"Other.
"
The ternary operator can be used to simplify the if-else block. It makes the code more concise and easier to understand.,Use the ternary operator,"Other.
"
"The method has a lot of nested if and for loops which can be hard to read and understand. By adding a continue statement in the for loop when the row does not contain the xPiece, the rest of the code doesn't need to be nested inside the if statement.",Avoid deep nesting by adding continue statement,"Other.
"
"System.out and System.err are not very professional for an application. They can't be customized and can't be disabled for a production application. By using Logger, you can log messages with different level and you can use different Logger handlers to handle the logged messages.",Use a logger instead of System.out and System.err,"Other.
"
"Using a ternary operator instead of if else for assigning x, y, and num can make your code cleaner and more readable.",Use ternary operator,"Other.
"
Adding validation for the command line arguments before processing them will help in catching errors early and provide meaningful error messages for missing or incorrect arguments.,Add validation for arguments,"Other.
"
Variables that are not modified after initial assignment should be declared final to express intent more clearly and avoid potential errors.,Use final for unmodified variables,"Other.
"
"Using a logger provides flexibility to configure different log levels, and it's easier to manage and maintain in a larger project.",Use a logger instead of System.out.println,"Other.
"
"If a variable is intended to not change after its initial assignment, it should be declared final. This makes the intention clear to other developers and prevents accidental modification.",Use final for immutable variables,"Other.
"
"Instead of using nested if-else statements, use a single level of condition checking with multiple return statements. This makes the code easier to read and understand.",Reduce the depth of conditional checks,"Other.
"
"Deeply nested if conditions can be hard to read and understand. By inverting and returning early, we can flatten the structure and improve readability.",Reduce nesting by inverting if conditions,"Other.
"
There is no need to compare a boolean value with true or false in an if condition. It is simpler and more readable to use the boolean value directly.,Simplify boolean return condition,"Other.
"
There is no need to compare a boolean value with true or false in an if condition. It is simpler and more readable to use the boolean value directly.,Simplify boolean return condition,"Other.
"
The if-else conditions can be simplified to make the code more readable.,Simplify if-else conditions,"Other.
"
Deeply nested code can be difficult to read and maintain. Refactoring the code to reduce the level of nesting can make it more readable and maintainable.,Refactor code to avoid deep nesting,"Other.
"
The nested if-else constructs can be simplified to a more concise and readable form by utilizing ternary operator.,Simplify if-else constructs,"Other.
"
"The method has a high degree of nesting, which can make the code difficult to read and maintain. The use of 'guard clauses' can reduce the depth of conditional nesting and make the code more readable.",Reduce the depth of conditional nesting,"Other.
"
"Instead of using nested if-else conditions, this can be simplified by directly returning the result of the condition check. This will make the code cleaner and easier to read.",Reduce nested if-else conditions,"Other.
"
"Instead of using System.out.println for logging, a dedicated logger like slf4j or log4j should be used. This allows for more control over the log output, like setting log levels or diverting them to different output streams.",Introduce a dedicated logger instead of System.out.println,"Other.
"
"The nested conditionals in the method can be simplified. Instead of checking if 'env' is null and then checking if 'key.defaultValue' is null within that branch, we can check these conditions together with a logical AND operator, which makes the code cleaner and easier to read.",Reduce nested conditionals,"Other.
"
Assertions provide a more elegant way to test for expected outcomes. They provide better error messages and make the code easier to read and maintain.,Replace if-else conditions with assertions,"Other.
"
Assertions provide a more elegant way to test for expected outcomes. They provide better error messages and make the code easier to read and maintain.,Replace if-else conditions with assertions,"Other.
"
Using enums for string comparisons can prevent potential bugs due to typos and improve performance by avoiding string comparisons,Use enums for string comparisons,"Other.
"
The boolean expressions that are compared with 'true' or 'false' can be simplified by removing the comparison.,Simplify boolean expressions,"Other.
"
"Infinite loops can be dangerous as they can lead to a hang or crash if not handled properly. Instead, use a finite loop with a reasonable maximum iteration count.",Replace infinite loop with a finite loop,"Other.
"
The two if statements `if ((batcher == null) || (batcher.isPaused()))` and `if (originalAppender == null)` can be combined into one if statement.,Combine nested if statements,"Other.
"
The Logger instance 'slflogger' is created in each iteration which is inefficient. It should be created once and used throughout the class.,Logger instance should be a class member,"Other.
"
"To ensure that the Thread.sleep method is properly managed and exceptions are handled, it's recommended to use it within a try-with-resources block.",Use try-with-resources for Thread.sleep,"Other.
"
"Since the list is of type Appender, casting to Appender is not needed. Java will automatically handle this.",Remove redundant casting,"Other.
"
"Instead of initializing multiple fields inside one constructor, you can use constructor chaining to simplify the code and make it more readable.",Use constructor chaining,"Other.
"
Constructor chaining can be used to call one constructor from another within the same class. This can make the code more readable and reduce redundancy.,Use constructor chaining,"Other.
"
"CONFIGURATION is a global variable which makes the code hard to test and maintain because it introduces global state. It should be passed as a parameter to the constructor. This way we can pass different configurations, for instance when testing.",Use dependency injection for CONFIGURATION,"Other.
"
Fields like 'shouldCollectorShutdown' and 'isCollectorPaused' can be encapsulated to improve data hiding and maintainability.,Encapsulate fields,"Other.
"
"It is good practice to use constructor chaining where appropriate, to reduce duplication, and increase clarity and maintainability. This can be used here by creating a new constructor which takes no parameters, and calling it from the existing constructor.",Use constructor chaining,"Other.
"
There is no need to cast the `a` variable to `Appender` since `appenderList` is a list of `Appender` objects. Removing this unnecessary casting can improve code readability.,Remove unnecessary casting,"Other.
"
Use constructor chaining to eliminate code duplication and provide better control over constructor behavior.,Introduce constructor chaining,"Other.
"
"The two if conditions where you check if the batcher is null or paused, and if the original appender is null, can be combined into one. This makes the code easier to read and understand.",Combine conditionals into one,"Other.
"
"As the list is of type Appender, there is no need to cast the iteration variable to Appender. This can be removed to improve readability.",Remove Unnecessary Cast,"Other.
"
"Instead of initializing fields in one constructor, you can move the initialization to a separate constructor. This makes the code more reusable and cleaner.",Use constructor chaining,"Other.
"
Parameters can be declared as final to avoid accidental modifications inside the method body. This will make the code more robust.,Use final for parameters,"Other.
"
"The variables 'configRoot', 'settings', and 'elide' are not changed after being initialized. They should be declared as 'final' to improve code readability and prevent accidental reassignment.",Use final for immutable variables,"Other.
"
"Instead of using separate string variables for each entityTag, you can use a Map where key is the entity name and value is the corresponding tag. This will make the code cleaner and more maintainable.",Use a Map for entityTag and entity pairs,"Other.
"
"Instead of using multiple if-else statements to check for url ending, a Map can be used to map url endings to expected tag and actions. This can significantly reduce the complexity and improve the readability of the code.",Use a Map to reduce the if-else statements,"Other.
"
The variables and parameters that are not modified once they are initialized can be declared as final. This would make your code more robust by creating an assurance that the variable won’t get changed accidentally from other parts of the code.,Use final modifier for local variables and parameters,"Other.
"
The two separate if statements checking the 'hints' can be combined into a single if statement using the '||' operator to make the code more concise and easy to read.,Combine conditional statements,"Other.
"
"Instead of using the instance variable `entityProjection`, pass it as a parameter to the method. This increases the reusability of the method and makes the code easier to understand.",Add method parameters instead of using instance variables,"Other.
"
The anonymous classes inside the init() method can be refactored into named inner classes. This will make the code more readable and maintainable. The named inner classes can be reused and tested separately.,Refactor the anonymous classes to named inner classes,"Other.
"
"Instead of using an if-else statement to assign `baseRoute`, a ternary operation can be used. It is more concise and easier to read.",Apply ternary operation for baseRoute assignment,"Other.
"
"The method buildAnnotations() currently contains a lot of anonymous inner classes, which can make the code hard to read and maintain. Consider extracting these anonymous classes into named inner classes. This will improve the readability and maintainability of the code.",Extract Anonymous Classes to Named Inner Classes,"Other.
"
"The access modifier for the init() method is not specified. By default, it is package-private. If it needs to be accessed from outside its package, it should be made public.",Specify access modifier for method,"Other.
"
The casting of the result to 'AsyncQueryResult' is unnecessary and can be removed.,Remove unnecessary casting,"Other.
"
The ternary operation used to set the value of 'merged' is a bit complex and reduces readability. This could be simplified by using an if-else statement instead.,Simplify ternary operation,"Other.
"
"Instead of accessing the instance variable `entityProjection` directly, pass it as a parameter to the method. This will make the method more flexible and easier to test, as it will not depend on the state of the object.",Add method parameter instead of accessing instance variable,"Other.
"
The same sequence of actions is carried out with different parameters. Using a parameterized test would reduce redundancy and make the test cases clearer.,Use parameterized test,"Other.
"
"Instead of using anonymous classes to implement `ColumnMeta` and `MetricFormula`, it would be more readable and maintainable to create named classes for them. This would also make it easier to reuse these classes if needed.",Extract anonymous classes to named classes,"Other.
"
The consecutive if conditions checking for the presence and absence of a hint can be combined into one if condition using logical AND operator.,Combine consecutive if conditions,"Other.
"
"If two or more if conditions are checking the same variables, they can be combined into one, making the code shorter and easier to read.",Combine multiple if conditions,"Other.
"
Local variables that aren't modified after initial assignment should be declared final. This improves readability by making it clear that the variable doesn't change and can't be changed.,Use final for local variables,"Other.
"
The ternary operation is too lengthy and makes the code hard to read. It's better to refactor it into an if-else statement for better readability.,Refactor lengthy ternary operation into if-else statement,"Other.
"
"The conditional statements inside the for-loop contain two `continue` statements that can be combined into one. Instead of two separate if conditions, we can use a logical OR operator `||` to combine these conditions and improve readability.",Refactor conditional statements in for-loop,"Other.
"
"The method buildAnnotations is overloaded with anonymous classes. These classes can be extracted into their own standalone classes, preferably in their respective files. This will make the method more readable and maintainable. Alternatively, consider using a library like Lombok or mapstruct which can generate these classes at compile time.",Extract anonymous classes to standalone classes or use a library,"Other.
"
AssertJ provides a more fluent and rich API for assertions. Its assertions are also more readable.,Use AssertJ for assertions,"Other.
"
The code uses multiple if statements with instanceof checks to determine the type of exception and handle it accordingly. This can be replaced with a more object-oriented approach by defining a method in the exception classes that encapsulates the different behaviors. This makes the code easier to read and maintain.,Use polymorphism instead of instanceof and typecasting,"Other.
"
The condition to decide whether to build a path or an attribute can be simplified. We can use a ternary operator to make the code cleaner.,Refactoring the code for building paths,"Other.
"
Simple if-else statements that assign values to a variable based on a condition can be replaced with a ternary operator for brevity and readability.,Usage of ternary operator,"Other.
"
"Instead of initializing common objects in each test case, use @BeforeEach annotation which is executed before each test case. This way we can avoid code repetition.",Use @BeforeEach annotation for initialization,"Other.
"
"The 'visitor' and 'constraints' local variables are not being reassigned, making them final can improve code readability and avoid unnecessary reassignments.",Use final keyword with local variables,"Other.
"
"The method `buildAnnotations` contains several anonymous inner classes. It would be more maintainable and readable to refactor these into named inner classes or separate classes entirely. This would make the code easier to read, test and maintain.",Refactor Anonymous Inner Classes to Named Inner Classes,"Other.
"
"The code tests for different types of entities and checks their specific properties. This is repetitive and can be simplified by using a data structure, such as a Map, to store the entity tags and their associated properties. This would reduce the size of the code and make it more maintainable.",Use a data structure to avoid repetitive code,"Other.
"
Variables that are not supposed to change should be declared as final. This can prevent accidental modification of these variables later in the code.,Use final modifier for variables,"Other.
"
"Methods that modify instance variables can be difficult to understand and debug. By returning the result, the method becomes more predictable and easier to test.",Return result instead of modifying instance variables,"Other.
"
The 'filterExpression' and 'visitor' variables are not changed after being initialized. It's good practice to make such variables final.,Use final for immutable variables,"Other.
"
The JUnit framework provides a setUp method which is executed before each test. Initializing common objects in this method reduces code duplication.,Use setUp method for common initializations,"Other.
"
"You are creating new `EntityDictionary` and `Elide` objects every time this method is called. If these objects do not change, create them once and reuse them.",Avoid creating unnecessary objects,"Other.
"
"The variables 'configRoot', 'settings' and 'elide' are not modified after initialization. They can be declared as final to prevent accidental modifications and improve code readability.",Use final keyword for variables that are not modified,"Other.
"
The code uses anonymous inner classes for 'ElideStandaloneTestSettings' and 'ElideStandaloneAnalyticSettings'. This can make the code harder to read and understand. Consider extracting these anonymous classes into named inner classes.,Extract anonymous classes to named inner classes,"Other.
"
"To improve readability and reduce the complexity of the code, the condition can be simplified.",Simplify if condition,"Other.
"
"Instead of two separate `continue` statements for `table.getHints().contains(optimizer.negateHint())` and `!table.getHints().contains(optimizer.hint())`, combine these checks into a single conditional statement to improve readability.",Combine conditional checks,"Other.
"
The anonymous classes within the method can be extracted as static nested classes. This would make the code more readable and maintainable. The nested classes can also be reused in other parts of the code if necessary.,Extract Anonymous Classes to Static Nested Classes,"Other.
"
"Two consecutive if conditions in the loop are followed by continue statements. These can be combined into a single condition using logical OR, which makes the code cleaner and easier to read.",Combine two continue conditions in the loop,"Other.
"
The anonymous inner classes make the code hard to read and understand. It would be better to refactor these into named classes. This would also make testing easier.,Refactor anonymous inner classes to named classes,"Other.
"
Using ternary operator for conditional assignment can improve readability and conciseness of the code.,Use ternary operator for conditional assignment.,"Other.
"
"Local variables that are not modified during the method execution should be declared final, enhancing readability and providing a guarantee that these variables won't be re-assigned.",Use final modifier for local variables,"Other.
"
"The initialization of Author and Books can be extracted to a @BeforeEach annotated method. This way, we reduce code redundancy and ensure that before each test method, the setup is run and the objects are re-initialized, avoiding possible side effects from other tests.",Use @BeforeEach for initialization,"Other.
"
"In the given method, there is a repetition of creating the same author and books objects for each test case. We can move these common initializations to a @BeforeEach method which runs before each test case. This will make the code cleaner and avoid repetition.",Use @BeforeEach to initialize common test data,"Other.
"
"The method uses synchronization, but it is not clear if this is necessary. If the method is always called from a single thread, then the synchronization can be removed. If the method can be called from multiple threads, then consider using a concurrent data structure instead of synchronizing the entire method.",Avoid unnecessary synchronization,"Other.
"
Deeply nested if statements make the code harder to read and understand. Try to simplify the logic to reduce the level of nesting.,Avoid deep nesting,"Other.
"
Early return is a coding style where you exit the method as soon as you know that you cannot do any meaningful work. This can make the code more readable and less complex by reducing the amount of indentations. It also makes the code easier to follow by eliminating the need for else branches.,Adopt early return coding style for simplicity and readability,"Other.
"
"Instead of using a large if-else structure, you can use early return to make the code easier to read and understand. This will also reduce the cyclomatic complexity of your code. You can return early if the `remoteDAO` is null. If the `remoteDAO` is not null, you can then check if it supports `asyncLoadSupport`.",Use early return to reduce the nesting,"Other.
"
Synchronizing on non-final field can lead to bugs if the field is ever updated. You should either make the field final or use a dedicated final object for synchronization.,Avoid Synchronization on Non-Final Field,"Other.
"
"You can replace the if-else block with polymorphism for creation of Counter and AvgCounter. This will make the code more extensible, as new types of counters can be added without modifying this method.",Replace if-else with Polymorphism,"Other.
"
"The method is private, which means it can't be reused elsewhere in the code. If it's likely to be useful in other contexts, consider making it public. Also, its name starts with an underscore, which is not standard Java naming conventions. Consider changing it to a standard camelCase name like 'getGeoInfo'.",Make method public and change its name,"Other.
"
"Instead of wrapping the main logic of the method in an if statement, consider using a guard clause to return early if the ipAddress is null. This will decrease the level of indentation in your code, making it easier to read.",Return early to decrease indentation,"Other.
"
"The method creates a Builder and then manually sets its properties. It would be cleaner to use a Builder pattern, which would allow you to chain method calls.",Use Builder Design Pattern,"Other.
"
There are many nested if-else statements in this method. We can reduce this by using guard clauses. This will make the code easier to read and understand.,Reduce the number of nested if-else statements,"Other.
"
"As the event object is not modified in the method, it is recommended to mark it as final to prevent any accidental modifications and enhance immutability.",Use final keyword for event,"Other.
"
"Rather than using a conditional statement to decide whether or not to enable JMX and Metrics, create a method that always does the action, and then override that method in a subclass that doesn't. This is a cleaner way to handle conditional logic and makes the code more maintainable.",Replace conditional with polymorphism for JMX and Metrics,"Other.
"
Nested if-else statements make the code harder to read. Consider using guard clauses (early return) to simplify the code structure.,Replace nested if-else with guard clauses,"Other.
"
"Synchronization can be expensive and decrease performance. Instead of using synchronization, consider using the java.util.concurrent package or the java.util.concurrent.atomic package, which provide a number of classes that can be used to manage and control access to shared resources without the need for explicit synchronization.",Avoid unnecessary synchronization,"Other.
"
"Instead of using a wildcard (*) in Access-Control-Allow-Methods header, specify only necessary HTTP methods that your service supports. This reduces the potential attack surface.",Replace wildcard (*) in Access-Control-Allow-Methods with specific methods,"Other.
"
The ternary operator can be used to simplify assignments that are based on a single condition. It can make the code more concise and easier to read.,Use the ternary operator for shorter assignments,"Other.
"
"Group related operations together to improve the readability of the code. In this case, resetting attributes and resetting session data for each variable can be grouped together.",Group related operations,"Other.
"
"The use of guard clauses can make the code easier to read and understand. Instead of having a large else block, use return statements to break out of the method when the validation fails.",Replace if else structure with guard clauses,"Other.
"
"Rather than having the error checks nested within the if-else statements, it would be more readable and efficient to use early returns.",Use early return for error checking,"Other.
"
"A lot of if/else statements are used in the code. This may lead to code that is hard to understand and maintain. To make it cleaner, we can replace some of these conditionals with polymorphism.",Replace conditional with polymorphism,"Other.
"
Reduce the nested conditions by using the 'continue' statement to skip the current iteration and proceed to the next. This makes the code more readable and maintainable.,Reduce nested conditions,"Other.
"
"The method `createBuilder` is responsible for creating a `Builder` instance and setting its properties. This method can be refactored to follow the Builder pattern, which is a design pattern that provides a flexible solution to object creation problems. The Builder pattern allows a client to construct a complex object step by step, which makes it more readable and maintainable.",Refactor to Builder Pattern,"Other.
"
"You should avoid using wildcard imports like `import java.io.*;`. Instead, import only the specific classes that you need. This makes the dependencies of your code more explicit to other developers, and prevents naming conflicts and confusion.",Avoid using wildcard imports,"Other.
"
"Instead of having a large else block, it is more readable to handle the exceptional case first and then return early. This reduces the indentation level of the main code block.",Improve readability with early return,"Other.
"
The code can be simplified by using early returns to reduce the level of nesting. This makes the code easier to read and understand.,Reduce nesting with early returns,"Other.
"
Wildcard imports can lead to naming conflicts and make the code harder to understand. It is better to import only those classes that you use.,Remove wildcard imports,"Other.
"
"Instead of concatenating the exception message to the log message, use Logger placeholders. This makes your logging more efficient and easier to read.",Use Logger placeholders,"Other.
"
"To reduce the nesting level in your code, it is often beneficial to return early. This makes the code easier to read and understand",Reduce nesting by returning early,"Other.
"
The double-checked locking on 'counters' is unnecessary as it's not a shared resource. This will improve performance by reducing the overhead of synchronization.,Avoid unnecessary synchronization,"Other.
"
The deep nested if-else conditions make the code hard to read and understand. Consider using a guard clause to return or break the code early when a certain condition is met.,Reduce nested if-else conditions,"Other.
"
The if statement checking the type of the event can be replaced with polymorphism. This can be achieved by creating a method in the ApplicationEvent class and overriding it in the ContextBeanChangedEvent class. This makes the code easier to read and maintain.,Replace If Statement with Polymorphism,"Other.
"
Nested conditionals can be difficult to read and understand. The if-else statements can be simplified to reduce complexity and increase readability.,Simplify nested conditionals,"Other.
"
"The double-check idiom reduces the overhead of acquiring a lock by first testing the locking criterion without actually acquiring the lock. However, it is not a good practice in Java as it is not thread-safe.",Code Refactoring: Remove Double Check Locking,"Other.
"
The main logic of the method is inside an if statement. This can be avoided by returning early if the condition is not met.,Early return to reduce nesting,"Other.
"
"Instead of having nested if conditions, you can combine them using logical AND operator. It makes the code cleaner and easier to read.",Combine nested if conditions,"Other.
"
The if-else statement determining the ttl of the subSession can be simplified using a conditional (ternary) operator. This makes the code more readable.,Use Conditional Operator,"Other.
"
"Deeply nested code can be difficult to read and understand. Consider using guard clauses to return early or continue to the next iteration of a loop, reducing the level of nesting.",Avoid deep nesting,"Other.
"
There are several nested if-else blocks which makes the code less readable. Consider using early return statements to reduce the nesting.,Reduce nested if-else blocks,"Other.
"
The final keyword can be used with method parameters. This means that the method will not be able to modify the received reference to something else.,Use final keyword for method parameter,"Other.
"
"The builder pattern should be used effectively. Instead of calling the builder methods on separate lines, they can be chained together to make the code more readable and shorter.",Use builder pattern effectively,"Other.
"
"Nested conditions can make the code hard to read and understand. They also increase the cognitive load for developers. Therefore, it's a good practice to minimize nested conditions.",Improve readability by reducing nested conditions,"Other.
"
"Deeply nested if-statements make code hard to read and understand. It's better to use guard clauses to return early when some condition isn't met, thereby reducing the level of nesting.",Avoid deep nesting,"Other.
"
The nested if-else blocks make the code harder to read and maintain. We can use early return or continue statements to simplify the code structure.,Reduce nested if-else blocks,"Other.
"
"Instead of using an if-else block to conditionally assign a value to `counters`, you can use a ternary operator. This shortens the code and makes it easier to read.",Use ternary operator for conditional assignment,"Other.
"
"The nested conditionals for checking `tags` and `isAvg` can be refactored for simplicity and readability. Instead of using nested if-else blocks, consider using guard clauses to return early or continue execution.",Refactor nested conditionals,"Other.
"
The method has a complex control flow with many if-else conditions. Simplify the control flow to improve readability and maintainability of the code.,Simplify control flow,"Other.
"
Adding the final modifier to the method parameter is a good practice that prevents inadvertent modification of the parameter within the method body.,Add final modifier to method parameter,"Other.
"
"Instead of using if-else conditions, use early return. This can make the code cleaner and easier to follow.",Prefer early return over if-else,"Other.
"
The Configuration object is being created every time the createAuthRequest method is called. This can be a performance overhead if the method is called frequently. It's better to move the initialization of the Configuration object to the constructor or use the Singleton pattern to ensure that only one instance of Configuration exists.,Move Configuration initialization to constructor or use Singleton Pattern,"Other.
"
"Instead of wrapping most of the method body in an if statement, you can return early if the condition isn't met. This reduces the level of nesting and makes the code easier to read.",Use early return to reduce nesting,"Other.
"
"Instead of manually loading the properties file, use Spring's dependency injection to inject a Properties instance into the class. This makes the code easier to test and allows Spring to manage the lifecycle of the Properties object.",Use Dependency Injection for Properties,"Other.
"
Having multiple return statements in a single method can make the code harder to read and understand. It is better to have a single return statement at the end of the method.,Avoid multiple return statements,"Other.
"
RestTemplate is threadsafe and can be reused. It should be defined as a bean in the configuration file instead of creating a new instance each time the method is called.,Refactoring RestTemplate as a bean,"Other.
"
Constants should be declared as final to indicate that they are not supposed to be changed after the initial assignment.,Use of final keyword for constants,"Other.
"
"Instead of wrapping the entire logic inside an if-else clause, using an early return can make the code easier to read and understand.",Prefer early return instead of wrapping the whole code inside if-else statements,"Other.
"
"Instead of directly reading properties file in the constructor, it's better to read these properties from a configuration class. This will make the code cleaner, easier to manage and test.",Refactor to read properties from a configuration class,"Other.
"
The switch statement can be replaced with a map of strategies to make the code cleaner and easier to extend. Each case in the switch statement can be represented as a strategy in the map.,Replace switch statement with a map of strategies,"Other.
"
"Refactor the switch-case structure to use a Map of strategies. This will make the code more maintainable and easier to extend. For each case, create a functional interface that gets the value as per the PropertyType and stores it in the Map.",Refactor switch-case to use Map,"Other.
"
"Static initializers are ideal for one-time setup work that doesn't throw exceptions. This way, the loading and setup of properties is done once when the class is loaded, rather than every time an object is created.",Use a static initializer to load properties,"Other.
"
"Instead of creating a new RestTemplate instance in every method call, it is better to create a bean and reuse it. This will improve the performance of the application.",Instantiate RestTemplate as a bean,"Other.
"
Java supports Dependency Injection and it is a great way to get rid of hard dependencies. You can inject application.properties into your class and retrieve properties from there.,Use dependency injection,"Other.
"
"It is better to use constructor injection as it helps to keep your code clean and makes it easy to test. Moreover, it ensures that the object is fully initialized when it is created and it helps in making the classes immutable.",Use constructor injection,"Other.
"
Adding the final keyword to method parameters in Java is a good practice because it makes the method safer from programming errors by preventing reassignment within the method.,Use final keyword for parameters,"Other.
"
"In the beginning of the method, there is a condition that checks if `container` is `null` and returns `EMPTY_CONNECTION`. It is a good practice to use early return in order to avoid unnecessary indentation and make the code easier to read.",Use of early return,"Other.
"
"Instead of using nested if statements, you can use a guard clause to make the code easier to read by returning early if the container is not supported.",Use a guard clause instead of nested ifs,"Other.
"
"Instead of nesting conditional blocks, use an early return for the null or invalid cases. This makes the code cleaner and easier to read.",Use early return for null or invalid cases,"Other.
"
We can reduce the nesting depth of the method by returning early when certain conditions are met. This makes the code easier to read and understand.,Avoid deep nesting by returning early,"Other.
"
"Instead of using a traditional for loop to iterate over `nodes`, use an enhanced for loop with index, which is cleaner and more readable.",Use enhanced for loop with index,"Other.
"
"The code has a long if-else condition that checks the instance of the annotation, which can be replaced with polymorphism for better readability and maintainability. This requires creating an interface 'Mapping' with methods 'getTypeName', 'getField', 'isBatchMapping' and 'getBatchSize', and make the SchemaMapping and BatchMapping implement this interface.",Replace multiple if-else with polymorphism,"Other.
"
"Instead of using anonymous inner classes for DataFetcherFactory, consider extracting them into named classes. This will improve readability and testability of your code.",Extract anonymous inner classes to named classes,"Other.
"
Use ternary operator to simplify the return of the function. This will make the code more concise.,Use ternary operator,"Other.
"
"The local variables `annotations`, `annotation`, and `handlerMethod` are not modified after their initial assignment. It's a good practice to declare such variables as `final` to avoid accidental modification and improve code readability.",Use final keyword for variables that are not modified,"Other.
"
"The method could benefit from reduced nesting. Instead of checking conditions and nesting further, consider returning early or breaking the loop.",Reduce nesting,"Other.
"
"The field assignment can be simplified using a ternary operator, making the code more readable and concise.",Use ternary operator for concise code,"Other.
"
It is better to use an early return instead of nested if conditions. This makes the code easier to read and understand.,Replace nested if conditions with early return,"Other.
"
The code can be made more readable by reducing the amount of nested if-statements. This can be achieved by using the 'continue' statement to skip to the next iteration of the enclosing loop when a condition is met.,Avoid deep nesting by using continue statement,"Other.
"
"Instead of nesting conditionals, consider using an early return to make the code cleaner and more readable.",Use early return,"Other.
"
"Multiple return statements lead to a harder-to-follow control flow. Instead, declare a variable result at the beginning, assign the result to it in the control flow and return it in the end.",Avoid multiple returns,"Other.
"
"Instead of negating the condition in the if statement, swap the if and else blocks. This improves readability as our brains find it easier to understand positive logic.",Avoid Negations in Conditionals,"Other.
"
Using the final keyword for variables that are not being reassigned can prevent accidental modification of these variables. It also makes the code more readable because it is clear that these variables will not change.,Use the final keyword for variables that are not being reassigned,"Other.
"
"Instead of changing `values` inside the Mono.zip function, we can return a new array. This makes the code safer and more predictable since we avoid changing the input parameters.",Avoid changing input parameter values,"Other.
"
"The method contains nested if statements which makes the code harder to read. To improve readability, you can use the 'continue' statement to skip the current iteration of the loop if the condition is not met.",Reduce nesting,"Other.
"
"To reduce the complexity of the method, you can invert the current conditions and return null early. This way, the majority of the method doesn't need to be indented.",Use inverted conditions,"Other.
"
